task,model,features,test_year,PR_AUC,ROC_AUC,Brier,base_rate
y_neg,climatology,-,2021,0.04743724677479241,0.7769062328144676,0.015764574995436875,0.015867579908675798
y_neg,persistence(D-2),-,2021,0.017699224386591727,0.5178141212815619,0.02850125570776255,0.015867579908675798
y_neg,logit,cal,2021,0.05800497962236373,0.7921788772438724,0.01593068977662517,0.015867579908675798
y_neg,lgbm,cal,2021,0.13922278361891136,0.8357782860824206,0.018821310288532542,0.015867579908675798
y_neg,logit,cal+AR,2021,0.0952906399781045,0.8436826921712833,0.01567939923741987,0.015867579908675798
y_neg,lgbm,cal+AR,2021,0.10526058369005706,0.8046192207584124,0.015413630253511421,0.015867579908675798
y_neg,logit,cal+AR+FC,2021,0.6579781238561988,0.9924402433742601,0.011736667426114527,0.015867579908675798
y_neg,lgbm,cal+AR+FC,2021,0.8220708854423426,0.991291968165405,0.007619800552176252,0.015867579908675798
y_neg,logit,cal+FC,2021,0.8403138912587356,0.9955345780213782,0.006683806198111039,0.015867579908675798
y_neg,lgbm,cal+FC,2021,0.8359844006152957,0.9926680625109008,0.008232893665653964,0.015867579908675798
y_neg,climatology,-,2022,0.04156996513133364,0.7953879664639159,0.008451256292384813,0.007990867579908675
y_neg,persistence(D-2),-,2022,0.03432184254102062,0.5690120006575702,0.011485159817351596,0.007990867579908675
y_neg,logit,cal,2022,0.023873168848369986,0.7119349005424954,0.009026679976668521,0.007990867579908675
y_neg,lgbm,cal,2022,0.03564397265109142,0.7983067565346047,0.011716820501875598,0.007990867579908675
y_neg,logit,cal+AR,2022,0.08677758424081647,0.9071773795824428,0.008693446775605447,0.007990867579908675
y_neg,lgbm,cal+AR,2022,0.16006708899310648,0.9231316784481342,0.007693639597814458,0.007990867579908675
y_neg,logit,cal+AR+FC,2022,0.7492498900101795,0.9975637021206641,0.004062125310686526,0.007990867579908675
y_neg,lgbm,cal+AR+FC,2022,0.8299139064052408,0.9977576853526221,0.005193574588861792,0.007990867579908675
y_neg,logit,cal+FC,2022,0.672203551032004,0.9956255137267795,0.011139925902653544,0.007990867579908675
y_neg,lgbm,cal+FC,2022,0.6449386574648138,0.995355909912872,0.013550567656866424,0.007990867579908675
y_neg,climatology,-,2023,0.0824943881403575,0.7116910953506699,0.0324744556352816,0.03424657534246575
y_neg,persistence(D-2),-,2023,0.04553986216285204,0.5482742316784869,0.059388698630136974,0.03424657534246575
y_neg,logit,cal,2023,0.07384784254728145,0.7049613869188337,0.03274628967265564,0.03424657534246575
y_neg,lgbm,cal,2023,0.12683828610124098,0.8072423167848699,0.03450224891443245,0.03424657534246575
y_neg,logit,cal+AR,2023,0.17221751326436258,0.8226012608353034,0.03184394596010896,0.03424657534246575
y_neg,lgbm,cal+AR,2023,0.29092992926114897,0.8366686367218282,0.030352060584302305,0.03424657534246575
y_neg,logit,cal+AR+FC,2023,0.7498516215908028,0.9863167848699763,0.021121953311286662,0.03424657534246575
y_neg,lgbm,cal+AR+FC,2023,0.7994109712099784,0.9886201733648542,0.020755902411454318,0.03424657534246575
y_neg,logit,cal+FC,2023,0.7341182621817576,0.9856343577620174,0.02165547445747773,0.03424657534246575
y_neg,lgbm,cal+FC,2023,0.7581228420804662,0.9831430260047282,0.027134401716571686,0.03424657534246575
y_neg,climatology,-,2024,0.19291652987754823,0.8088174583799661,0.04735745520904173,0.052026411657559196
y_neg,persistence(D-2),-,2024,0.07973846677310568,0.5752173402332819,0.08013235428051,0.052026411657559196
y_neg,logit,cal,2024,0.17778051133768347,0.7554363635838073,0.04763997392969935,0.052026411657559196
y_neg,lgbm,cal,2024,0.201027146887556,0.8118615224156793,0.04861167698591868,0.052026411657559196
y_neg,logit,cal+AR,2024,0.31675709132143304,0.840412893229927,0.04412262360074432,0.052026411657559196
y_neg,lgbm,cal+AR,2024,0.29628809596521927,0.8172544613118223,0.04601684940798629,0.052026411657559196
y_neg,logit,cal+AR+FC,2024,0.6952736333175035,0.9785386127592638,0.028568256962382327,0.052026411657559196
y_neg,lgbm,cal+AR+FC,2024,0.6841094281022447,0.9780332834135561,0.0318298927483661,0.052026411657559196
y_neg,logit,cal+FC,2024,0.6353200904405857,0.974555103892087,0.030711906066182272,0.052026411657559196
y_neg,lgbm,cal+FC,2024,0.6235884676107023,0.9691712309670447,0.03489871507601495,0.052026411657559196
y_neg,climatology,-,2025,0.3932167301005657,0.8821405870232326,0.05590963451462395,0.06576093161319785
y_neg,persistence(D-2),-,2025,0.18652546776402118,0.6692198086819559,0.0776563077976938,0.06576093161319785
y_neg,logit,cal,2025,0.37004413878045816,0.8103881522668949,0.05737339442691024,0.06576093161319785
y_neg,lgbm,cal,2025,0.24631511367185477,0.8684423245346042,0.06455801970162701,0.06576093161319785
y_neg,logit,cal+AR,2025,0.5802249829732389,0.9144372818987875,0.041468328944258954,0.06576093161319785
y_neg,lgbm,cal+AR,2025,0.4535382518599169,0.9094557483672112,0.04910949269623031,0.06576093161319785
y_neg,logit,cal+AR+FC,2025,0.8126793899399494,0.9811486720436677,0.02647140882759235,0.06576093161319785
y_neg,lgbm,cal+AR+FC,2025,0.8259350271802851,0.9826480117995303,0.02662074772706097,0.06576093161319785
y_neg,logit,cal+FC,2025,0.826002551326118,0.981926453216017,0.024947496298552713,0.06576093161319785
y_neg,lgbm,cal+FC,2025,0.8181016499604122,0.9792453782910369,0.027477560282874895,0.06576093161319785
y_run4,climatology,-,2021,0.03170849774026565,0.7342481589270899,0.013425479479185029,0.013356164383561644
y_run4,persistence(D-2),-,2021,0.014379979274683834,0.5139048348003572,0.02652408675799086,0.013356164383561644
y_run4,logit,cal,2021,0.054297583159803764,0.8304254913071296,0.013442135012068009,0.013356164383561644
y_run4,lgbm,cal,2021,0.12528362431163897,0.8723011853869196,0.015661455830123683,0.013356164383561644
y_run4,logit,cal+AR,2021,0.08866012578077877,0.8746389301752023,0.013177282483654245,0.013356164383561644
y_run4,lgbm,cal+AR,2021,0.10244842610834998,0.8004817890274329,0.013169390012713809,0.013356164383561644
y_run4,logit,cal+AR+FC,2021,0.6945781051320989,0.9929689655479312,0.008251663245623105,0.013356164383561644
y_run4,lgbm,cal+AR+FC,2021,0.8098653387503534,0.9938609476964215,0.007153335561989601,0.013356164383561644
y_run4,logit,cal+FC,2021,0.8256268624079486,0.9954382332028981,0.005363261808004066,0.013356164383561644
y_run4,lgbm,cal+FC,2021,0.8127396003195257,0.9867775018764258,0.0073165205516849624,0.013356164383561644
y_run4,climatology,-,2022,0.02578104742198112,0.7786992337164751,0.007142106752757618,0.00684931506849315
y_run4,persistence(D-2),-,2022,0.037759044608359674,0.5809195402298851,0.010389269406392692,0.00684931506849315
y_run4,logit,cal,2022,0.017235390133722602,0.6919597701149426,0.007792255448048793,0.00684931506849315
y_run4,lgbm,cal,2022,0.01035306939052304,0.6012049808429119,0.009535997775860823,0.00684931506849315
y_run4,logit,cal+AR,2022,0.07710033327658147,0.9150900383141763,0.007410673928994475,0.00684931506849315
y_run4,lgbm,cal+AR,2022,0.17822668620879664,0.8921149425287357,0.006561657702314302,0.00684931506849315
y_run4,logit,cal+AR+FC,2022,0.6307135136701141,0.9965747126436781,0.00415168215150297,0.00684931506849315
y_run4,lgbm,cal+AR+FC,2022,0.6508475119179221,0.9951570881226053,0.005456445265719319,0.00684931506849315
y_run4,logit,cal+FC,2022,0.5014235749663417,0.9945306513409962,0.00805008990482584,0.00684931506849315
y_run4,lgbm,cal+FC,2022,0.5062202003897514,0.9934329501915709,0.011421652419368067,0.00684931506849315
y_run4,climatology,-,2023,0.05489532924186136,0.6842213430261895,0.02856186224135304,0.0295662100456621
y_run4,persistence(D-2),-,2023,0.040259377900831145,0.5506872005519223,0.05576312785388127,0.0295662100456621
y_run4,logit,cal,2023,0.06061919258828339,0.7047937580816066,0.028671608309055904,0.0295662100456621
y_run4,lgbm,cal,2023,0.11455642122505869,0.7946285220135355,0.03091260871894941,0.0295662100456621
y_run4,logit,cal+AR,2023,0.14554423630355393,0.8233003702948416,0.02803456057377586,0.0295662100456621
y_run4,lgbm,cal+AR,2023,0.2288969044123848,0.8082049397776959,0.027474409341235986,0.0295662100456621
y_run4,logit,cal+AR+FC,2023,0.7613750656788597,0.9878365434182397,0.01770061221967952,0.0295662100456621
y_run4,lgbm,cal+AR+FC,2023,0.8064131613624577,0.990448545912609,0.01777508127430609,0.0295662100456621
y_run4,logit,cal+FC,2023,0.7463117948369957,0.9873591978050277,0.01874375714073997,0.0295662100456621
y_run4,lgbm,cal+FC,2023,0.7843342117554783,0.9892168034739498,0.024545133979398174,0.0295662100456621
y_run4,climatology,-,2024,0.12758590796682864,0.7842590536967315,0.04146239845102186,0.044285063752276865
y_run4,persistence(D-2),-,2024,0.06315274269223345,0.5655203933054779,0.07702670765027322,0.044285063752276865
y_run4,logit,cal,2024,0.1396742462928637,0.739206989103258,0.04125857041424895,0.044285063752276865
y_run4,lgbm,cal,2024,0.1672273405538699,0.7844193584441713,0.042633083173698516,0.044285063752276865
y_run4,logit,cal+AR,2024,0.2609609159046373,0.818825932316794,0.03877938495430811,0.044285063752276865
y_run4,lgbm,cal+AR,2024,0.2672407363959275,0.789862523750978,0.04023811975470998,0.044285063752276865
y_run4,logit,cal+AR+FC,2024,0.6763000650439916,0.978069943089518,0.026027290581064812,0.044285063752276865
y_run4,lgbm,cal+AR+FC,2024,0.6475404692758489,0.9756750177223253,0.028255134733829554,0.044285063752276865
y_run4,logit,cal+FC,2024,0.5872153369010723,0.973631629795554,0.02876053440022882,0.044285063752276865
y_run4,lgbm,cal+FC,2024,0.5771117375124255,0.9661746265297468,0.03213181204024456,0.044285063752276865
y_run4,climatology,-,2025,0.32739543952903544,0.8662098444588434,0.05242079925202133,0.05913917113825779
y_run4,persistence(D-2),-,2025,0.1765842278199211,0.6753670436779282,0.074553213837196,0.05913917113825779
y_run4,logit,cal,2025,0.33176148155911933,0.7986283386720228,0.05274996181790575,0.05913917113825779
y_run4,lgbm,cal,2025,0.1989882312243553,0.845084774826311,0.06345973045053824,0.05913917113825779
y_run4,logit,cal+AR,2025,0.553974184936769,0.9078737586200273,0.03879748555589334,0.05913917113825779
y_run4,lgbm,cal+AR,2025,0.43901396404445225,0.8911893587903781,0.04676198287610967,0.05913917113825779
y_run4,logit,cal+AR+FC,2025,0.7766701786560843,0.9812789803688966,0.025841610193549313,0.05913917113825779
y_run4,lgbm,cal+AR+FC,2025,0.7719261245363178,0.9805281905755149,0.029804827072601948,0.05913917113825779
y_run4,logit,cal+FC,2025,0.7900501139387396,0.9822502048566846,0.024755778319703894,0.05913917113825779
y_run4,lgbm,cal+FC,2025,0.762058022581495,0.9784597119871965,0.0310393849775748,0.05913917113825779
y_day4,climatology,-,2021,0.0795109618274979,0.6265591724977183,0.05083118413613728,0.052054794520547946
y_day4,logit,cal,2021,0.20766586406163068,0.8238515363553393,0.04706367953084184,0.052054794520547946
y_day4,lgbm,cal,2021,0.20809426683402363,0.8040766656525707,0.05786704809685146,0.052054794520547946
y_day4,logit,cal+AR,2021,0.3148278736416981,0.809400669303316,0.042913781992507276,0.052054794520547946
y_day4,lgbm,cal+AR,2021,0.24861208848166252,0.7514450867052023,0.048428357348234474,0.052054794520547946
y_day4,logit,cal+AR+FC,2021,0.8939239706041677,0.9895041070885305,0.01565187101962897,0.052054794520547946
y_day4,lgbm,cal+AR+FC,2021,0.8621136021138622,0.980985701247338,0.02195096760004813,0.052054794520547946
y_day4,logit,cal+FC,2021,0.8782923497679325,0.9899604502585945,0.01701916440784855,0.052054794520547946
y_day4,lgbm,cal+FC,2021,0.8784175669283796,0.9867660480681473,0.021160687341730836,0.052054794520547946
y_day4,climatology,-,2022,0.047973100575556274,0.713943661971831,0.029425395619478798,0.0273972602739726
y_day4,logit,cal,2022,0.1449431150435311,0.6194366197183099,0.03473112906237934,0.0273972602739726
y_day4,lgbm,cal,2022,0.03728552746410524,0.5929577464788732,0.046909034812481494,0.0273972602739726
y_day4,logit,cal+AR,2022,0.16899451418610983,0.8492957746478873,0.0273948738063527,0.0273972602739726
y_day4,lgbm,cal+AR,2022,0.2192939600082457,0.8743661971830987,0.03019553600460357,0.0273972602739726
y_day4,logit,cal+AR+FC,2022,0.5505655806182123,0.9805633802816901,0.024721167981242086,0.0273972602739726
y_day4,lgbm,cal+AR+FC,2022,0.6187239314055853,0.9661971830985915,0.031990349578078316,0.0273972602739726
y_day4,logit,cal+FC,2022,0.5334010989010989,0.9712676056338029,0.033454769534668034,0.0273972602739726
y_day4,lgbm,cal+FC,2022,0.5685178660900081,0.9636619718309859,0.03592518511913356,0.0273972602739726
y_day4,climatology,-,2023,0.08917652945865415,0.4547619047619047,0.09115419107906528,0.0958904109589041
y_day4,logit,cal,2023,0.1350790525127304,0.6177489177489177,0.09002996773329298,0.0958904109589041
y_day4,lgbm,cal,2023,0.1891556204054852,0.6932467532467532,0.09897594349350547,0.0958904109589041
y_day4,logit,cal+AR,2023,0.22131976127750586,0.703030303030303,0.08511043222307033,0.0958904109589041
y_day4,lgbm,cal+AR,2023,0.3312909319002878,0.7183549783549784,0.08413755445226141,0.0958904109589041
y_day4,logit,cal+AR+FC,2023,0.7821979346511982,0.9699567099567099,0.04558787064639335,0.0958904109589041
y_day4,lgbm,cal+AR+FC,2023,0.8083300087735427,0.9696969696969696,0.05982819084624699,0.0958904109589041
y_day4,logit,cal+FC,2023,0.7431036952291079,0.9615584415584415,0.054463756049845054,0.0958904109589041
y_day4,lgbm,cal+FC,2023,0.8045081097037857,0.9699567099567099,0.05225723547249396,0.0958904109589041
y_day4,climatology,-,2024,0.1468999205308564,0.4605531938386794,0.14620271979229682,0.16120218579234974
y_day4,logit,cal,2024,0.2911071994390828,0.6683597416220395,0.13649867064390403,0.16120218579234974
y_day4,lgbm,cal,2024,0.25911363137487725,0.6385469000165627,0.15349787142236695,0.16120218579234974
y_day4,logit,cal+AR,2024,0.3455034597332534,0.709380003312538,0.13205669283823812,0.16120218579234974
y_day4,lgbm,cal+AR,2024,0.3502132023894202,0.7088831226191133,0.1504206298804323,0.16120218579234974
y_day4,logit,cal+AR+FC,2024,0.6837053844549402,0.9177938497211948,0.08939395886655935,0.16120218579234974
y_day4,lgbm,cal+AR+FC,2024,0.7264500146381108,0.9341357036382709,0.08559291840195217,0.16120218579234974
y_day4,logit,cal+FC,2024,0.665129720615155,0.9207199249158065,0.0909872261770451,0.16120218579234974
y_day4,lgbm,cal+FC,2024,0.6477360629452564,0.9069176834317894,0.10925012941286912,0.16120218579234974
y_day4,climatology,-,2025,0.3742336981084231,0.6141674780915286,0.18262957788719525,0.21643835616438356
y_day4,logit,cal,2025,0.49761250253416606,0.7170045144728688,0.17195364579591768,0.21643835616438356
y_day4,lgbm,cal,2025,0.3142533881310848,0.6657077100115074,0.2117235957386286,0.21643835616438356
y_day4,logit,cal+AR,2025,0.6977770493288031,0.8569531734088696,0.12150596836638397,0.21643835616438356
y_day4,lgbm,cal+AR,2025,0.5611639911349952,0.7677259449411348,0.15657031818466885,0.21643835616438356
y_day4,logit,cal+AR+FC,2025,0.8393372387088975,0.9442772417455962,0.0796838166902368,0.21643835616438356
y_day4,lgbm,cal+AR+FC,2025,0.7985653974551212,0.93215012835266,0.12517206818721027,0.21643835616438356
y_day4,logit,cal+FC,2025,0.832965093646755,0.9410020359387448,0.0811702339399507,0.21643835616438356
y_day4,lgbm,cal+FC,2025,0.7713074007090122,0.924404709214836,0.12495019467909556,0.21643835616438356
