family,task,test_year,n_days,mean_diff,gw_uncond_z,gw_uncond_p,gw_cond_W,gw_cond_p,boot5_lo,boot5_hi,boot10_lo,boot10_hi,boot20_lo,boot20_hi,boot10_excludes_zero,gw_uncond_bh05,gw_cond_bh05
infoset,y_neg,2021,365,0.00023951868387621462,0.2763230378700634,0.7822999628288105,1.3035082447620285,0.5211308472638385,-0.0014763584803496822,0.002015401007761568,-0.001444002943891074,0.0020590540201081433,-0.0013879711924933104,0.002041416431770177,False,False,False
infoset,y_neg,2022,365,-0.0005228879437068334,-1.063631190822083,0.2874958068593645,43.45380372554051,3.6654425088746855e-10,-0.0015709141374904876,3.3483849744428594e-05,-0.0015647627392656699,3.48013681266841e-05,-0.0015728159381375242,4.1630572232604874e-05,False,False,True
infoset,y_neg,2023,365,0.0010931378040123314,0.5116640515646543,0.6088861493862774,0.8158909708458337,0.6650151308528732,-0.002162571683171378,0.0058258974529028585,-0.0020240950294858964,0.005178376828315887,-0.001932540047071485,0.005068896907883106,False,False,False
infoset,y_neg,2024,366,0.004917999861209751,1.5987263754582899,0.10988141439568455,12.982809950374477,0.001516416982463189,-0.000854237121039703,0.011087841931405272,-0.0013668476381190296,0.011489271418430085,-0.0015883792264199635,0.011889408063604268,False,False,True
infoset,y_neg,2025,365,0.007144460339350411,3.4945263595295164,0.0004749037112741217,14.587798337805184,0.0006796727205902051,0.0032848889876253306,0.011402331897600773,0.0032051589444314606,0.011445855447933532,0.002924863633295349,0.012042487854044,True,True,True
infoset,y_run3,2021,365,-0.0006250190208221873,-0.9359190025414081,0.34931489251741454,4.001878942121483,0.13520819935967412,-0.0020898087879632336,0.0006100055977653364,-0.0020999356506189388,0.0006029782725181572,-0.0019936693562119727,0.0005766382223521401,False,False,False
infoset,y_run3,2022,365,-0.00045859761743755636,-1.3858192843824717,0.16580209231593557,4.469800744408177,0.10700278977419503,-0.001190761932955177,9.671234310800501e-06,-0.0011736983735985138,2.3854618467701886e-06,-0.0011688457372533861,-1.1537803730287896e-07,False,False,False
infoset,y_run3,2023,365,0.0005529217078558328,0.2556200137443451,0.7982442629823159,0.5173115197986654,0.7720887612150966,-0.0028716611920309855,0.005272266630352301,-0.002750822656339617,0.005145485737827835,-0.002690650086919146,0.004687712530754607,False,False,False
infoset,y_run3,2024,366,0.0059450543737831684,1.8468477687264957,0.06476920645823814,17.37901065035395,0.00016834328081088092,-4.778627270561568e-05,0.012636820486782009,-0.0004992720525907043,0.012448267355610214,-0.0009125983315289575,0.012704889415571408,False,False,True
infoset,y_run3,2025,365,0.006895555959008798,3.0389491500953203,0.0023740492223578435,11.35427813160725,0.003423338392702475,0.0024949617242931866,0.011952297427696238,0.0023357763952379365,0.012379235902100482,0.0019254231125168182,0.012670909162238656,True,True,True
infoset,y_run4,2021,365,-0.0004137809497848585,-0.5721158525256553,0.5672434901209007,3.1463119859388025,0.207389628230417,-0.0019570208694791058,0.0009590583358900037,-0.002028990975065742,0.0009446093173086689,-0.0019249076486369855,0.0009513483013814961,False,False,False
infoset,y_run4,2022,365,-0.0006597359736787654,-1.2532568926520204,0.21011223099772525,2.0352292233060423,0.3614561258641517,-0.0018260514062435414,5.180305980007905e-07,-0.0018251860871742972,9.602134548162145e-07,-0.0018291389151359433,-6.5039032151944e-07,False,False,False
infoset,y_run4,2023,365,0.002777924231368228,0.9975911936332877,0.31847763310349175,8.568371948546972,0.013784838168260337,-0.0012904702104236292,0.008954157206495571,-0.0011127347815369781,0.008557414480502866,-0.001010119168331723,0.008154735884246008,False,False,True
infoset,y_run4,2024,366,0.0031745370068057563,0.9374460691514985,0.34852915288996167,32.83189443419512,7.424115305793026e-08,-0.003263199881239784,0.010038713298223183,-0.0032703554580139874,0.010043142738891868,-0.0031676216988761625,0.00973406055760004,False,False,True
infoset,y_run4,2025,365,0.00419240826179936,1.9504924845425349,0.05111744827913034,4.512906569811468,0.10472124329293696,0.0002106904016100459,0.008344232142514648,0.00043076010976951713,0.008630463960082055,0.0005497673170633969,0.008674914983248894,True,False,False
infoset,y_run6,2021,365,0.00027954018456213977,1.0685360747009611,0.2852787666952321,7.065957154640422,0.02921775877577374,-6.300675395272514e-06,0.0008422772992768377,-6.698537826019326e-06,0.0008399001023933838,-7.545072691544687e-06,0.0008386396579874602,False,False,False
infoset,y_run6,2022,365,-0.0007193679814676029,-0.9885969927866587,0.32286035812187563,1.2968500596683463,0.5228686311000351,-0.002373564184800612,0.0003564004944044319,-0.0023065417843470487,0.0003563088706022631,-0.002306685447499381,0.0003597392654750688,False,False,False
infoset,y_run6,2023,365,0.0006613645199579996,0.3673670449144214,0.7133452500142541,1.6256452139917268,0.4436041771835306,-0.002679328135920118,0.004593049029466628,-0.0020969639669751803,0.003964482928844535,-0.0015684501398007763,0.003451728338784391,False,False,False
infoset,y_run6,2024,366,0.004259068191372213,1.8331100339321065,0.06678620924008083,8.586277509528575,0.013661976336182215,0.00032627722349735927,0.009066725652888958,0.00036130802481037225,0.00894850257887405,0.00048437617098300115,0.008529861059999979,True,False,True
infoset,y_run6,2025,365,0.00386954938843243,1.6479459444275966,0.09936376417869441,3.0223146580791123,0.22065446031427377,-0.0008268154410759505,0.008689172519131453,-0.000950670400053633,0.00954894640991005,-0.0008134326894051698,0.009766412075921235,False,False,False
infoset,y_day4,2021,365,0.005662455135473985,0.7674895135014281,0.4427905256643756,0.6290660792835832,0.7301297363215412,-0.007354818694909197,0.02003452651751065,-0.005377185007060771,0.01804789426671324,-0.00398967061389758,0.016124670645453514,False,False,False
infoset,y_day4,2022,365,-0.0055861019657073244,-1.0801871851990237,0.28005883372401463,0.7254169789503048,0.6957892338231796,-0.015328453333542309,0.0021570729044887438,-0.014594678545137539,0.002033522759579006,-0.014110497123967359,0.0016201427985438267,False,False,False
infoset,y_day4,2023,365,0.00385796403375726,0.8742600453658552,0.38197665274915193,1.6497895987047142,0.43828109749507327,-0.004158179125171494,0.012637754262087277,-0.003702426716807289,0.012449000837260797,-0.003779776483581651,0.012074032564605644,False,False,False
infoset,y_day4,2024,366,0.028436234856871512,1.977053817127795,0.048035547288296065,8.63569624986846,0.013328534045312106,0.0017738476304491393,0.05685747134764092,0.0013974096072640622,0.05706605079706599,-0.00046841969098554523,0.05731948892635627,True,False,True
infoset,y_day4,2025,365,0.02349082786899191,1.8634700474884829,0.06239616284003646,3.8024885862963895,0.1493826277525043,-0.0013973003301864,0.049288466412995294,-0.003396428511873487,0.05110209539788515,-0.006446622171285816,0.05584085644784399,False,False,False
forecast,y_neg,2021,365,0.009498756839231489,3.0658401522938536,0.002170593238195906,14.708527072637827,0.0006398584766365078,0.004131499777302511,0.016382649156787683,0.003771393749671121,0.01669376991721693,0.003211395407910317,0.016935820834319625,True,True,True
forecast,y_neg,2022,365,0.003810012955249972,1.346569395104003,0.17811895650842247,2.4992059503562265,0.2866185689598125,-0.0006963219094658431,0.010111349210222118,-0.0006352340371486925,0.010079443662768441,-0.00026463226526863984,0.009326103253960214,False,False,False
forecast,y_neg,2023,365,0.015309750319050028,2.9602693113081173,0.003073702206685347,15.595947487588514,0.0004105660487194187,0.005976338012360954,0.026981057455071334,0.005474395589443117,0.027148824300024535,0.005819729300465029,0.026804617788939063,True,True,True
forecast,y_neg,2024,366,0.015160445151536531,4.018450123556886,5.858220606969056e-05,28.485563590706615,6.522866037161664e-07,0.007840342344702133,0.022709677535147334,0.0076903823398529175,0.02286266209152775,0.00718935946336987,0.0233853767491737,True,True,True
forecast,y_neg,2025,365,0.01983492457701514,3.54413847180381,0.0003938983078664027,30.129087570841293,2.8678191576530246e-07,0.008973692603234638,0.03086955421134905,0.008150693219366905,0.03268202886635662,0.008156526437865668,0.03336188693046646,True,True,True
forecast,y_run3,2021,365,0.008450719260149136,2.7208782221102292,0.00651087419484897,8.54164648875469,0.013970277465618235,0.003195601684696456,0.015229846076903081,0.002817806384352399,0.015481441264043643,0.0025967692955265365,0.01564771143249867,True,True,True
forecast,y_run3,2022,365,0.0040966554091239945,1.3690263291022278,0.1709910449181824,2.044310742718538,0.3598185611598403,-0.0006022259314847887,0.010809514408521383,-0.00047359919590038126,0.010703208805353987,-0.0003026150761057134,0.010282146689750382,False,False,False
forecast,y_run3,2023,365,0.015406173859864558,2.995463292947311,0.0027402828105511645,14.074813990656027,0.0008784013104692429,0.005971582049372813,0.026908611364175647,0.00557711841184063,0.02734566100867747,0.005839520841431219,0.02649227362941715,True,True,True
forecast,y_run3,2024,366,0.012708969012970882,3.3328146021522325,0.0008597221068620264,21.899442699917223,1.756290852451301e-05,0.005928962695468976,0.02049681121537237,0.005795303055119965,0.020281027682883545,0.00566015810523517,0.01992160545030825,True,True,True
forecast,y_run3,2025,365,0.020321352639783997,3.7291835614605513,0.00019210117892609624,23.854068822535233,6.609289415823669e-06,0.010128492145761331,0.03140516634101566,0.009195173191466916,0.032709177052648065,0.00867967785552523,0.0329385907604886,True,True,True
forecast,y_run4,2021,365,0.00845732763415659,3.029043260060236,0.002453295506240183,10.434176208104642,0.005423097653224672,0.003504349835787977,0.01448679977594611,0.003394034902624306,0.014659595619698292,0.003070603159136051,0.014746243959574046,True,True,True
forecast,y_run4,2022,365,0.0037383645591209237,1.3452587464125956,0.17854169080466686,2.0767535650931674,0.35402888166694474,-0.00046240085726524644,0.009784021380862975,-0.0003304500557786835,0.009991856582600584,-0.00026080414640108874,0.009605675082016799,False,False,False
forecast,y_run4,2023,365,0.011296407556805168,2.5045395751889505,0.0122610887577006,10.513565354809884,0.005212046607552064,0.002988416100108337,0.021198766428597155,0.0027497039067004613,0.021735481963879706,0.002354421060769066,0.02195567137928795,True,True,True
forecast,y_run4,2024,366,0.014774848643089315,3.857977543939017,0.00011432914920583848,22.17687649955549,1.5288062700016494e-05,0.007739484003914694,0.02230513589570139,0.00783378356774166,0.022416802124733192,0.007226275613373508,0.022566337749254994,True,True,True
forecast,y_run4,2025,365,0.019021705521968125,3.4723629521797057,0.0005158983410777918,16.424200629276037,0.00027135020156342503,0.008342646136119791,0.03067053960750673,0.008286902158549415,0.031468719541490185,0.00807349909897978,0.03162569109348645,True,True,True
forecast,y_run6,2021,365,0.002346399035298894,0.7593139264570522,0.44766478867776005,10.109034119700468,0.006380447392611607,-0.003401150917913091,0.008417489045068352,-0.0030906529316320256,0.008088286933369127,-0.003037409791576029,0.007402672590128387,False,False,True
forecast,y_run6,2022,365,0.004425548155011512,1.7125377137132394,0.0867976206529395,2.9924785118513513,0.22397087544267513,0.0005481666642125853,0.010149050655473705,0.0005760329241928158,0.009912395164981705,0.0005977700683083776,0.009372546043444197,True,False,False
forecast,y_run6,2023,365,0.01205306733438129,2.33224334797458,0.019687892949238783,8.09903111568958,0.017430816816920946,0.0028858634506831187,0.0244069669821623,0.002546405491379444,0.025026539712096466,0.0021222483593691557,0.024918385077857423,True,True,True
forecast,y_run6,2024,366,0.006541567610569974,1.897387665934597,0.057776792290785695,7.964272585268989,0.018645763951956305,0.0003520267556399706,0.01328325095233623,0.0005892318856386414,0.013271099506835814,0.0010098989539635938,0.012997525505055833,True,False,True
forecast,y_run6,2025,365,0.013626621050589328,2.7823588650740767,0.005396533131818204,8.299790652600546,0.015766066691017086,0.004776227696188363,0.023353405593404035,0.004824088074370275,0.023862978136371626,0.0045919580810475135,0.0235319054015046,True,True,True
forecast,y_day4,2021,365,0.02080567746362604,2.3378189978712878,0.01939663966292615,6.2678737248185294,0.04354602464454976,0.004412719088911933,0.03963040933554014,0.004555105761494538,0.04005782966525427,0.004828909778857595,0.03803614962403598,True,True,False
forecast,y_day4,2022,365,0.0029513324178384783,0.38706657723693594,0.6987069202803622,0.7421113406663385,0.6900055276519284,-0.013272473497806558,0.018805148990795658,-0.011951490578795,0.01770948179197606,-0.009794101653706077,0.015703104263230083,False,False,False
forecast,y_day4,2023,365,0.043224758188397945,2.49005621880861,0.012772289039941542,12.295138577826817,0.0021386739556242752,0.010319757637018714,0.0790812877333351,0.010835242744036614,0.07870099793338087,0.01126200027265505,0.0781278468844093,True,True,True
forecast,y_day4,2024,366,0.05853152344975217,3.2729074953670674,0.00106447309153479,14.469788629419524,0.0007209834935930048,0.022920733941969963,0.09657367458516865,0.017740694952727648,0.10226127198521659,0.012685011636412485,0.10650917014895157,True,True,True
forecast,y_day4,2025,365,0.05750262641805617,3.124261328790055,0.0017825206650587955,17.67157835856304,0.00014543385503582026,0.021410430182922248,0.0949800698134772,0.020744065876058926,0.09619064907366393,0.022516192928506904,0.09686150259981946,True,True,True
