task,level,test_year,features,model,n_train,n_test,n_features,fit_seconds,PR_AUC,ROC_AUC,Brier,LogLoss,base_rate
y_neg,hour,2021,cal,logit,17545,8760,7,0.038,0.05800497962236373,0.7921788772438724,0.01593068977662517,0.07660378960697742,0.015867579908675798
y_neg,hour,2021,cal,lgbm,17545,8760,7,0.562,0.13922278361891136,0.8357782860824206,0.018821310288532542,0.08799787681641347,0.015867579908675798
y_neg,hour,2021,cal+AR(D-2),logit,16778,8760,14,0.038,0.0952906399781045,0.8436826921712833,0.01567939923741987,0.07384514112233118,0.015867579908675798
y_neg,hour,2021,cal+AR(D-2),lgbm,16778,8760,14,0.712,0.10526058369005706,0.8046192207584124,0.015413630253511421,0.14935143429283154,0.015867579908675798
y_neg,hour,2021,cal+AR(D-1),logit,16778,8760,24,0.118,0.21176964495506154,0.9146829850816017,0.014507809595492744,0.06298898817475862,0.015867579908675798
y_neg,hour,2021,cal+AR(D-1),lgbm,16778,8760,24,0.875,0.22866334227175703,0.9098053189509638,0.015247635930337306,0.14461291957549505,0.015867579908675798
y_neg,hour,2021,cal+FC,logit,17539,8760,38,0.104,0.8403138912587356,0.9955345780213782,0.006683806198111039,0.02168372448380652,0.015867579908675798
y_neg,hour,2021,cal+FC,lgbm,17539,8760,38,0.914,0.8359844006152957,0.9926680625109008,0.008232893665653964,0.0480149688753947,0.015867579908675798
y_neg,hour,2021,cal+AR(D-1)+FC,logit,16778,8760,55,0.177,0.7120952264367572,0.9933431748975023,0.01064281008836638,0.03604553805036354,0.015867579908675798
y_neg,hour,2021,cal+AR(D-1)+FC,lgbm,16778,8760,55,1.214,0.8347330853293655,0.994579072851219,0.007322274077295594,0.04459929491411484,0.015867579908675798
y_neg,hour,2022,cal,logit,26305,8760,7,0.034,0.023873168848369986,0.7119349005424954,0.009026679976668521,0.05360241217699079,0.007990867579908675
y_neg,hour,2022,cal,lgbm,26305,8760,7,0.58,0.03564397265109142,0.7983067565346047,0.011716820501875598,0.059287848093554314,0.007990867579908675
y_neg,hour,2022,cal+AR(D-2),logit,25538,8760,14,0.07,0.08677758424081647,0.9071773795824428,0.008693446775605447,0.04175960125712897,0.007990867579908675
y_neg,hour,2022,cal+AR(D-2),lgbm,25538,8760,14,0.721,0.16006708899310648,0.9231316784481342,0.007693639597814458,0.056842115807041474,0.007990867579908675
y_neg,hour,2022,cal+AR(D-1),logit,25538,8760,24,0.1,0.07369922560832988,0.9263356896268288,0.011632788861426486,0.049806210005868934,0.007990867579908675
y_neg,hour,2022,cal+AR(D-1),lgbm,25538,8760,24,0.86,0.26458186394055383,0.9436215683051127,0.00732396228411684,0.048887517909140255,0.007990867579908675
y_neg,hour,2022,cal+FC,logit,26299,8760,38,0.145,0.672203551032004,0.9956255137267795,0.011139925902653544,0.036606092291589024,0.007990867579908675
y_neg,hour,2022,cal+FC,lgbm,26299,8760,38,1.198,0.6449386574648138,0.995355909912872,0.013550567656866424,0.07303531650360078,0.007990867579908675
y_neg,hour,2022,cal+AR(D-1)+FC,logit,25538,8760,55,0.352,0.720933119407805,0.9966578990629624,0.004399657746188964,0.014017038414900646,0.007990867579908675
y_neg,hour,2022,cal+AR(D-1)+FC,lgbm,25538,8760,55,1.861,0.8034613918977235,0.9976705572908104,0.005348164561156438,0.022056654310003167,0.007990867579908675
y_neg,hour,2023,cal,logit,35065,8760,7,0.054,0.07384784254728145,0.7049613869188337,0.03274628967265564,0.14851220759594524,0.03424657534246575
y_neg,hour,2023,cal,lgbm,35065,8760,7,0.915,0.12683828610124098,0.8072423167848699,0.03450224891443245,0.1856346820285503,0.03424657534246575
y_neg,hour,2023,cal+AR(D-2),logit,34298,8760,14,0.109,0.17221751326436258,0.8226012608353034,0.03184394596010896,0.14303994636665388,0.03424657534246575
y_neg,hour,2023,cal+AR(D-2),lgbm,34298,8760,14,0.996,0.29092992926114897,0.8366686367218282,0.030352060584302305,0.21446558430813706,0.03424657534246575
y_neg,hour,2023,cal+AR(D-1),logit,34298,8760,24,0.22,0.24195706528072297,0.8692750197005517,0.031626977264129046,0.16018866174566848,0.03424657534246575
y_neg,hour,2023,cal+AR(D-1),lgbm,34298,8760,24,1.148,0.31227909805104115,0.8600271867612292,0.03085758045428785,0.2182931364225345,0.03424657534246575
y_neg,hour,2023,cal+FC,logit,35059,8760,38,0.227,0.7341182621817576,0.9856343577620174,0.02165547445747773,0.07238403676638185,0.03424657534246575
y_neg,hour,2023,cal+FC,lgbm,35059,8760,38,1.734,0.7581228420804662,0.9831430260047282,0.027134401716571686,0.13135553615612275,0.03424657534246575
y_neg,hour,2023,cal+AR(D-1)+FC,logit,34298,8760,55,0.444,0.7609707695657457,0.9870642237982663,0.020306391690872064,0.07009873992633599,0.03424657534246575
y_neg,hour,2023,cal+AR(D-1)+FC,lgbm,34298,8760,55,2.109,0.8137467944359884,0.9881871552403467,0.020792784248839912,0.11286008848199332,0.03424657534246575
y_neg,hour,2024,cal,logit,43825,8784,7,0.036,0.17778051133768347,0.7554363635838073,0.04763997392969935,0.19585209833327008,0.052026411657559196
y_neg,hour,2024,cal,lgbm,43825,8784,7,0.829,0.201027146887556,0.8118615224156793,0.04861167698591868,0.23777786477202809,0.052026411657559196
y_neg,hour,2024,cal+AR(D-2),logit,43058,8784,14,0.081,0.31675709132143304,0.840412893229927,0.04412262360074432,0.1731529630009289,0.052026411657559196
y_neg,hour,2024,cal+AR(D-2),lgbm,43058,8784,14,1.13,0.29628809596521927,0.8172544613118223,0.04601684940798629,0.2580951364277551,0.052026411657559196
y_neg,hour,2024,cal+AR(D-1),logit,43058,8784,24,0.186,0.4744213745772451,0.8993934733942652,0.03748109306051174,0.14231835923562022,0.052026411657559196
y_neg,hour,2024,cal+AR(D-1),lgbm,43058,8784,24,1.23,0.46720942279731714,0.9113579274296605,0.04106913591919537,0.19375398879496034,0.052026411657559196
y_neg,hour,2024,cal+FC,logit,43819,8784,38,0.349,0.6353200904405857,0.974555103892087,0.030711906066182272,0.09816239504178959,0.052026411657559196
y_neg,hour,2024,cal+FC,lgbm,43819,8784,38,2.077,0.6235884676107023,0.9691712309670447,0.03489871507601495,0.15643046589265097,0.052026411657559196
y_neg,hour,2024,cal+AR(D-1)+FC,logit,43058,8784,55,0.573,0.694538414083025,0.9786523972661236,0.02903526010130374,0.09397890533775964,0.052026411657559196
y_neg,hour,2024,cal+AR(D-1)+FC,lgbm,43058,8784,55,3.006,0.7103286365803223,0.9795624105392309,0.02961541489181574,0.14231668871162917,0.052026411657559196
y_neg,hour,2025,cal,logit,52609,8759,7,0.082,0.37004413878045816,0.8103881522668949,0.05737339442691024,0.21723377638674818,0.06576093161319785
y_neg,hour,2025,cal,lgbm,52609,8759,7,1.41,0.24631511367185477,0.8684423245346042,0.06455801970162701,0.2514510742829132,0.06576093161319785
y_neg,hour,2025,cal+AR(D-2),logit,51842,8759,14,0.179,0.5802249829732389,0.9144372818987875,0.041468328944258954,0.1497725581691513,0.06576093161319785
y_neg,hour,2025,cal+AR(D-2),lgbm,51842,8759,14,1.734,0.4535382518599169,0.9094557483672112,0.04910949269623031,0.20132688844235586,0.06576093161319785
y_neg,hour,2025,cal+AR(D-1),logit,51842,8759,24,0.323,0.6798764433014516,0.955647803033389,0.03410458127265029,0.1168991422205639,0.06576093161319785
y_neg,hour,2025,cal+AR(D-1),lgbm,51842,8759,24,2.007,0.5994454573319066,0.9467175343191169,0.043139148758915585,0.17531376016279324,0.06576093161319785
y_neg,hour,2025,cal+FC,logit,52603,8759,38,0.456,0.826002551326118,0.981926453216017,0.024947496298552713,0.0819529681042721,0.06576093161319785
y_neg,hour,2025,cal+FC,lgbm,52603,8759,38,2.335,0.8181016499604122,0.9792453782910369,0.027477560282874895,0.11339393482162295,0.06576093161319785
y_neg,hour,2025,cal+AR(D-1)+FC,logit,51842,8759,55,0.755,0.8280154057467253,0.982750061102285,0.025400339704323663,0.08493639106662551,0.06576093161319785
y_neg,hour,2025,cal+AR(D-1)+FC,lgbm,51842,8759,55,3.272,0.8272941499657339,0.9833343517047537,0.025864340557641356,0.11337189804490441,0.06576093161319785
y_run4,hour,2021,cal,logit,17545,8760,7,0.046,0.054297583159803764,0.8304254913071296,0.013442135012068009,0.06365177756057044,0.013356164383561644
y_run4,hour,2021,cal,lgbm,17545,8760,7,0.765,0.12528362431163897,0.8723011853869196,0.015661455830123683,0.08604682166365492,0.013356164383561644
y_run4,hour,2021,cal+AR(D-2),logit,16778,8760,14,0.055,0.08866012578077877,0.8746389301752023,0.013177282483654245,0.06223679313308871,0.013356164383561644
y_run4,hour,2021,cal+AR(D-2),lgbm,16778,8760,14,0.998,0.10244842610834998,0.8004817890274329,0.013169390012713809,0.15137265586120963,0.013356164383561644
y_run4,hour,2021,cal+AR(D-1),logit,16778,8760,24,0.2,0.2034128316213198,0.9265993625590987,0.012107739334287168,0.05441604152259211,0.013356164383561644
y_run4,hour,2021,cal+AR(D-1),lgbm,16778,8760,24,1.349,0.21365356514491932,0.9409051937687828,0.013334555261209307,0.14495287354424286,0.013356164383561644
y_run4,hour,2021,cal+FC,logit,17539,8760,38,0.207,0.8256268624079486,0.9954382332028981,0.005363261808004066,0.01838310656969666,0.013356164383561644
y_run4,hour,2021,cal+FC,lgbm,17539,8760,38,1.424,0.8127396003195257,0.9867775018764258,0.0073165205516849624,0.04630819886260399,0.013356164383561644
y_run4,hour,2021,cal+AR(D-1)+FC,logit,16778,8760,55,0.257,0.6841507020047148,0.9927820646321167,0.008310930690210782,0.028140526849798238,0.013356164383561644
y_run4,hour,2021,cal+AR(D-1)+FC,lgbm,16778,8760,55,1.534,0.8182564140849288,0.9955677782821136,0.006553091112599586,0.043628955176957945,0.013356164383561644
y_run4,hour,2022,cal,logit,26305,8760,7,0.06,0.017235390133722602,0.6919597701149426,0.007792255448048793,0.04775740017275001,0.00684931506849315
y_run4,hour,2022,cal,lgbm,26305,8760,7,0.886,0.01035306939052304,0.6012049808429119,0.009535997775860823,0.0713629056990145,0.00684931506849315
y_run4,hour,2022,cal+AR(D-2),logit,25538,8760,14,0.099,0.07710033327658147,0.9150900383141763,0.007410673928994475,0.036419287495938195,0.00684931506849315
y_run4,hour,2022,cal+AR(D-2),lgbm,25538,8760,14,1.524,0.17822668620879664,0.8921149425287357,0.006561657702314302,0.058789438762848215,0.00684931506849315
y_run4,hour,2022,cal+AR(D-1),logit,25538,8760,24,0.203,0.0740260907955717,0.9488352490421457,0.010193859492505852,0.03996926710187669,0.00684931506849315
y_run4,hour,2022,cal+AR(D-1),lgbm,25538,8760,24,1.375,0.15906855765834738,0.9252547892720306,0.006626522824154906,0.0506434988372826,0.00684931506849315
y_run4,hour,2022,cal+FC,logit,26299,8760,38,0.231,0.5014235749663417,0.9945306513409962,0.00805008990482584,0.027085931733605552,0.00684931506849315
y_run4,hour,2022,cal+FC,lgbm,26299,8760,38,1.703,0.5062202003897514,0.9934329501915709,0.011421652419368067,0.06328223054781927,0.00684931506849315
y_run4,hour,2022,cal+AR(D-1)+FC,logit,25538,8760,55,0.44,0.6762976669790975,0.9966168582375479,0.003910128336646703,0.012619963399863973,0.00684931506849315
y_run4,hour,2022,cal+AR(D-1)+FC,lgbm,25538,8760,55,2.233,0.7337157430802637,0.9963352490421457,0.004004873740078998,0.020410560153105134,0.00684931506849315
y_run4,hour,2023,cal,logit,35065,8760,7,0.048,0.06061919258828339,0.7047937580816066,0.028671608309055904,0.13672405653318476,0.0295662100456621
y_run4,hour,2023,cal,lgbm,35065,8760,7,0.746,0.11455642122505869,0.7946285220135355,0.03091260871894941,0.19946125477743157,0.0295662100456621
y_run4,hour,2023,cal+AR(D-2),logit,34298,8760,14,0.12,0.14554423630355393,0.8233003702948416,0.02803456057377586,0.13380275289194932,0.0295662100456621
y_run4,hour,2023,cal+AR(D-2),lgbm,34298,8760,14,1.313,0.2288969044123848,0.8082049397776959,0.027474409341235986,0.24024973605196911,0.0295662100456621
y_run4,hour,2023,cal+AR(D-1),logit,34298,8760,24,0.234,0.2126963400344115,0.8616101943945728,0.02827281144688097,0.1564370377890657,0.0295662100456621
y_run4,hour,2023,cal+AR(D-1),lgbm,34298,8760,24,1.71,0.276862675547341,0.8876371119636618,0.027111627507105836,0.2397062098217772,0.0295662100456621
y_run4,hour,2023,cal+FC,logit,35059,8760,38,0.296,0.7463117948369957,0.9873591978050277,0.01874375714073997,0.0623772253618589,0.0295662100456621
y_run4,hour,2023,cal+FC,lgbm,35059,8760,38,2.02,0.7843342117554783,0.9892168034739498,0.024545133979398174,0.1212789088929611,0.0295662100456621
y_run4,hour,2023,cal+AR(D-1)+FC,logit,34298,8760,55,0.466,0.7783507546113405,0.9884760321179566,0.016837346533056467,0.058348761485910575,0.0295662100456621
y_run4,hour,2023,cal+AR(D-1)+FC,lgbm,34298,8760,55,2.555,0.8452341690154577,0.9926458799532556,0.015249470416746685,0.09295126378705433,0.0295662100456621
y_run4,hour,2024,cal,logit,43825,8784,7,0.072,0.1396742462928637,0.739206989103258,0.04125857041424895,0.1793940497010178,0.044285063752276865
y_run4,hour,2024,cal,lgbm,43825,8784,7,1.07,0.1672273405538699,0.7844193584441713,0.042633083173698516,0.2430592772397299,0.044285063752276865
y_run4,hour,2024,cal+AR(D-2),logit,43058,8784,14,0.139,0.2609609159046373,0.818825932316794,0.03877938495430811,0.16184791303278834,0.044285063752276865
y_run4,hour,2024,cal+AR(D-2),lgbm,43058,8784,14,1.482,0.2672407363959275,0.789862523750978,0.04023811975470998,0.2649358586728586,0.044285063752276865
y_run4,hour,2024,cal+AR(D-1),logit,43058,8784,24,0.303,0.42140848998388075,0.8854940279974461,0.03340662436898234,0.13372475302857473,0.044285063752276865
y_run4,hour,2024,cal+AR(D-1),lgbm,43058,8784,24,3.516,0.41726809011376065,0.8916594067652586,0.03622786532944566,0.2086008271084071,0.044285063752276865
y_run4,hour,2024,cal+FC,logit,43819,8784,38,0.336,0.5872153369010723,0.973631629795554,0.02876053440022882,0.09400947199183787,0.044285063752276865
y_run4,hour,2024,cal+FC,lgbm,43819,8784,38,2.09,0.5771117375124255,0.9661746265297468,0.03213181204024456,0.18442009782886035,0.044285063752276865
y_run4,hour,2024,cal+AR(D-1)+FC,logit,43058,8784,55,0.543,0.6817269795111696,0.9789515426461154,0.025974247985857696,0.08446223980015795,0.044285063752276865
y_run4,hour,2024,cal+AR(D-1)+FC,lgbm,43058,8784,55,2.779,0.6689109698760416,0.9781281243732115,0.027304125847496766,0.1668406590816597,0.044285063752276865
y_run4,hour,2025,cal,logit,52609,8759,7,0.073,0.33176148155911933,0.7986283386720228,0.05274996181790575,0.20728191361556741,0.05913917113825779
y_run4,hour,2025,cal,lgbm,52609,8759,7,1.108,0.1989882312243553,0.845084774826311,0.06345973045053824,0.2807355274353424,0.05913917113825779
y_run4,hour,2025,cal+AR(D-2),logit,51842,8759,14,0.155,0.553974184936769,0.9078737586200273,0.03879748555589334,0.143266304512594,0.05913917113825779
y_run4,hour,2025,cal+AR(D-2),lgbm,51842,8759,14,1.582,0.43901396404445225,0.8911893587903781,0.04676198287610967,0.23398769374356548,0.05913917113825779
y_run4,hour,2025,cal+AR(D-1),logit,51842,8759,24,0.335,0.653640790046808,0.9537136335461782,0.03252055583643283,0.11222267208731175,0.05913917113825779
y_run4,hour,2025,cal+AR(D-1),lgbm,51842,8759,24,1.829,0.5896673452946417,0.9483662767244857,0.04224786438018693,0.18882209811449469,0.05913917113825779
y_run4,hour,2025,cal+FC,logit,52603,8759,38,0.384,0.7900501139387396,0.9822502048566846,0.024755778319703894,0.07838491245301779,0.05913917113825779
y_run4,hour,2025,cal+FC,lgbm,52603,8759,38,2.268,0.762058022581495,0.9784597119871965,0.0310393849775748,0.1365230754306118,0.05913917113825779
y_run4,hour,2025,cal+AR(D-1)+FC,logit,51842,8759,55,0.617,0.7928801083815011,0.9827419077510086,0.024747236360092545,0.0809371156973098,0.05913917113825779
y_run4,hour,2025,cal+AR(D-1)+FC,lgbm,51842,8759,55,2.894,0.7928732322542369,0.9829457102846254,0.028019746251511365,0.13052150650170552,0.05913917113825779
y_day4,day,2021,cal,logit,732,365,7,0.007,0.20766586406163068,0.8238515363553393,0.04706367953084184,0.17505437292954182,0.052054794520547946
y_day4,day,2021,cal,lgbm,732,365,7,0.293,0.20809426683402363,0.8040766656525707,0.05786704809685146,0.3036025265497542,0.052054794520547946
y_day4,day,2021,cal+AR(D-2),logit,700,365,14,0.013,0.3148278736416981,0.809400669303316,0.042913781992507276,0.20697993878245238,0.052054794520547946
y_day4,day,2021,cal+AR(D-2),lgbm,700,365,14,0.334,0.24861208848166252,0.7514450867052023,0.048428357348234474,0.41921002004804053,0.052054794520547946
y_day4,day,2021,cal+AR(D-1),logit,700,365,24,0.017,0.5155981729086013,0.8842409491937937,0.03691716312463683,0.16992640552353358,0.052054794520547946
y_day4,day,2021,cal+AR(D-1),lgbm,700,365,24,0.351,0.49233615651610235,0.8726802555521753,0.04106489215826079,0.32432310507771994,0.052054794520547946
y_day4,day,2021,cal+FC,logit,731,365,38,0.025,0.8782923497679325,0.9899604502585945,0.01701916440784855,0.05475004614422844,0.052054794520547946
y_day4,day,2021,cal+FC,lgbm,731,365,38,0.382,0.8784175669283796,0.9867660480681473,0.021160687341730836,0.13035954690309215,0.052054794520547946
y_day4,day,2021,cal+AR(D-1)+FC,logit,700,365,55,0.025,0.8491141658663877,0.9875266200182538,0.01875833496370288,0.06330292573243503,0.052054794520547946
y_day4,day,2021,cal+AR(D-1)+FC,lgbm,700,365,55,0.666,0.8885042101461669,0.9873745056282324,0.017924031479191336,0.11792548116388862,0.052054794520547946
y_day4,day,2022,cal,logit,1097,365,7,0.01,0.1449431150435311,0.6194366197183099,0.03473112906237934,0.15566617895197976,0.0273972602739726
y_day4,day,2022,cal,lgbm,1097,365,7,0.333,0.03728552746410524,0.5929577464788732,0.046909034812481494,0.33064889507698475,0.0273972602739726
y_day4,day,2022,cal+AR(D-2),logit,1065,365,14,0.024,0.16899451418610983,0.8492957746478873,0.0273948738063527,0.11389266562697542,0.0273972602739726
y_day4,day,2022,cal+AR(D-2),lgbm,1065,365,14,0.504,0.2192939600082457,0.8743661971830987,0.03019553600460357,0.20287551611448681,0.0273972602739726
y_day4,day,2022,cal+AR(D-1),logit,1065,365,24,0.019,0.15363706449919265,0.916338028169014,0.04057455824343386,0.12447142304587819,0.0273972602739726
y_day4,day,2022,cal+AR(D-1),lgbm,1065,365,24,0.483,0.21671157793167176,0.9335211267605634,0.04227171847926389,0.21211368016736712,0.0273972602739726
y_day4,day,2022,cal+FC,logit,1096,365,38,0.025,0.5334010989010989,0.9712676056338029,0.033454769534668034,0.10935639887604644,0.0273972602739726
y_day4,day,2022,cal+FC,lgbm,1096,365,38,0.454,0.5685178660900081,0.9636619718309859,0.03592518511913356,0.24971482394602934,0.0273972602739726
y_day4,day,2022,cal+AR(D-1)+FC,logit,1065,365,55,0.033,0.5689984576826682,0.9839436619718309,0.02163829162697963,0.06924814761925786,0.0273972602739726
y_day4,day,2022,cal+AR(D-1)+FC,lgbm,1065,365,55,0.56,0.6598832866479925,0.9743661971830986,0.030539702823161013,0.1847999606156978,0.0273972602739726
y_day4,day,2023,cal,logit,1462,365,7,0.009,0.1350790525127304,0.6177489177489177,0.09002996773329298,0.35131110651795305,0.0958904109589041
y_day4,day,2023,cal,lgbm,1462,365,7,0.246,0.1891556204054852,0.6932467532467532,0.09897594349350547,0.7204438157659179,0.0958904109589041
y_day4,day,2023,cal+AR(D-2),logit,1430,365,14,0.014,0.22131976127750586,0.703030303030303,0.08511043222307033,0.34399219118528246,0.0958904109589041
y_day4,day,2023,cal+AR(D-2),lgbm,1430,365,14,0.394,0.3312909319002878,0.7183549783549784,0.08413755445226141,0.9277526369920475,0.0958904109589041
y_day4,day,2023,cal+AR(D-1),logit,1430,365,24,0.02,0.42504247129188744,0.8103896103896104,0.07397569366008955,0.3034804460643837,0.0958904109589041
y_day4,day,2023,cal+AR(D-1),lgbm,1430,365,24,0.448,0.45864371545717403,0.8293506493506493,0.08170628887910136,0.7198358547784228,0.0958904109589041
y_day4,day,2023,cal+FC,logit,1461,365,38,0.028,0.7431036952291079,0.9615584415584415,0.054463756049845054,0.18166904377476303,0.0958904109589041
y_day4,day,2023,cal+FC,lgbm,1461,365,38,0.49,0.8045081097037857,0.9699567099567099,0.05225723547249396,0.3163069279326124,0.0958904109589041
y_day4,day,2023,cal+AR(D-1)+FC,logit,1430,365,55,0.03,0.7997325200526763,0.9718614718614719,0.04096870120503071,0.13868740134939375,0.0958904109589041
y_day4,day,2023,cal+AR(D-1)+FC,lgbm,1430,365,55,0.606,0.8478882803782604,0.9775757575757577,0.0503601680671515,0.25853428391457,0.0958904109589041
y_day4,day,2024,cal,logit,1827,366,7,0.011,0.2911071994390828,0.6683597416220395,0.13649867064390403,0.48259109194870453,0.16120218579234974
y_day4,day,2024,cal,lgbm,1827,366,7,0.301,0.25911363137487725,0.6385469000165627,0.15349787142236695,1.0101048941558821,0.16120218579234974
y_day4,day,2024,cal+AR(D-2),logit,1795,366,14,0.015,0.3455034597332534,0.709380003312538,0.13205669283823812,0.47576725010083104,0.16120218579234974
y_day4,day,2024,cal+AR(D-2),lgbm,1795,366,14,0.491,0.3502132023894202,0.7088831226191133,0.1504206298804323,1.156702453512859,0.16120218579234974
y_day4,day,2024,cal+AR(D-1),logit,1795,366,24,0.021,0.5389813194277432,0.819025009661569,0.11081863924283987,0.3878763247932006,0.16120218579234974
y_day4,day,2024,cal+AR(D-1),lgbm,1795,366,24,0.648,0.5666525419419332,0.8250427869486004,0.12153842169958418,0.8984612193658588,0.16120218579234974
y_day4,day,2024,cal+FC,logit,1826,366,38,0.045,0.665129720615155,0.9207199249158065,0.0909872261770451,0.29398583671061085,0.16120218579234974
y_day4,day,2024,cal+FC,lgbm,1826,366,38,0.653,0.6477360629452564,0.9069176834317894,0.10925012941286912,0.8020942313748795,0.16120218579234974
y_day4,day,2024,cal+AR(D-1)+FC,logit,1795,366,55,0.042,0.7158218024088429,0.9325898525920611,0.08063484523314673,0.27265349611098993,0.16120218579234974
y_day4,day,2024,cal+AR(D-1)+FC,lgbm,1795,366,55,0.761,0.7528742070818978,0.9371169877988185,0.082147614758506,0.5569456069287351,0.16120218579234974
y_day4,day,2025,cal,logit,2193,365,7,0.008,0.49761250253416606,0.7170045144728688,0.17195364579591768,0.5635854925833861,0.21643835616438356
y_day4,day,2025,cal,lgbm,2193,365,7,0.319,0.3142533881310848,0.6657077100115074,0.2117235957386286,0.9864781163234831,0.21643835616438356
y_day4,day,2025,cal+AR(D-2),logit,2161,365,14,0.02,0.6977770493288031,0.8569531734088696,0.12150596836638397,0.38920767538515794,0.21643835616438356
y_day4,day,2025,cal+AR(D-2),lgbm,2161,365,14,0.613,0.5611639911349952,0.7677259449411348,0.15657031818466885,0.8581594390011311,0.21643835616438356
y_day4,day,2025,cal+AR(D-1),logit,2161,365,24,0.038,0.7668043124235003,0.9146233513322122,0.09848362054393466,0.3095572623477976,0.21643835616438356
y_day4,day,2025,cal+AR(D-1),lgbm,2161,365,24,0.806,0.6665144597578917,0.8544303797468353,0.14627696590312222,0.822038150349757,0.21643835616438356
y_day4,day,2025,cal+FC,logit,2192,365,38,0.057,0.832965093646755,0.9410020359387448,0.0811702339399507,0.2556754517411966,0.21643835616438356
y_day4,day,2025,cal+FC,lgbm,2192,365,38,0.707,0.7713074007090122,0.924404709214836,0.12495019467909556,0.747264563064159,0.21643835616438356
y_day4,day,2025,cal+AR(D-1)+FC,logit,2161,365,55,0.054,0.8705181173836263,0.9557847216075064,0.07161492727448408,0.22450537004883428,0.21643835616438356
y_day4,day,2025,cal+AR(D-1)+FC,lgbm,2161,365,55,0.918,0.8237994047927897,0.9433035319111268,0.1059357364589426,0.6708013157200985,0.21643835616438356
