task,level,test_year,features,model,recal,n_train,n_test,n_features,fit_seconds,PR_AUC,ROC_AUC,Brier,LogLoss,base_rate
y_neg,hour,2021,cal,logit,month,17545,8760,7,0.183,0.06854969257431595,0.816647320120936,0.015616709261026639,0.0734145578998484,0.015867579908675798
y_neg,hour,2021,cal,lgbm,month,17545,8760,7,3.326,0.08771856697697,0.8371130725624814,0.019231762820649454,0.09457140273120625,0.015867579908675798
y_neg,hour,2021,cal+AR(D-2),logit,month,16778,8760,14,0.19,0.09327867352278654,0.8376575853341222,0.015528582408458728,0.07188772161882828,0.015867579908675798
y_neg,hour,2021,cal+AR(D-2),lgbm,month,16778,8760,14,5.925,0.08323455853802,0.7864170558924627,0.01595887896047953,0.1365651580312414,0.015867579908675798
y_neg,hour,2021,cal+AR(D-1),logit,month,16778,8760,24,0.866,0.17561357091783977,0.9081313072729381,0.015244665937449636,0.0654039595723082,0.015867579908675798
y_neg,hour,2021,cal+AR(D-1),lgbm,month,16778,8760,24,7.658,0.21569197466426765,0.9250925671711789,0.015719359910625664,0.12051305384988124,0.015867579908675798
y_neg,hour,2021,cal+FC,logit,month,17539,8760,38,0.994,0.8573648972915723,0.9960845150581774,0.0065033677652264815,0.020791023773426617,0.015867579908675798
y_neg,hour,2021,cal+FC,lgbm,month,17539,8760,38,8.252,0.8347373242422113,0.9954669833324847,0.007495853107742429,0.047194275825616826,0.015867579908675798
y_neg,hour,2021,cal+AR(D-1)+FC,logit,month,16778,8760,55,1.996,0.8067161836397427,0.9951123198413778,0.0068053842246226445,0.022650348155380664,0.015867579908675798
y_neg,hour,2021,cal+AR(D-1)+FC,lgbm,month,16778,8760,55,12.168,0.8511408554194297,0.9949103702770298,0.006220603812761404,0.03808955086115718,0.015867579908675798
y_neg,hour,2022,cal,logit,month,26305,8760,7,0.156,0.027828824050980378,0.7007923721847773,0.008651360260611706,0.05115486059145741,0.007990867579908675
y_neg,hour,2022,cal,lgbm,month,26305,8760,7,3.404,0.05948452127704537,0.8691747493013315,0.012736537772806015,0.0640042955928517,0.007990867579908675
y_neg,hour,2022,cal+AR(D-2),logit,month,25538,8760,14,0.266,0.10957141591294976,0.9112460956764754,0.007789403225064944,0.03768850604899731,0.007990867579908675
y_neg,hour,2022,cal+AR(D-2),lgbm,month,25538,8760,14,5.451,0.1351174100093936,0.8505375637021206,0.007499320255850841,0.07677751180698117,0.007990867579908675
y_neg,hour,2022,cal+AR(D-1),logit,month,25538,8760,24,0.552,0.09960421460225502,0.9248397172447805,0.00969490317952821,0.04292044606558958,0.007990867579908675
y_neg,hour,2022,cal+AR(D-1),lgbm,month,25538,8760,24,5.586,0.082334533043499,0.9321913529508467,0.00802220790514717,0.07522419706582534,0.007990867579908675
y_neg,hour,2022,cal+FC,logit,month,26299,8760,38,0.78,0.5951598117308706,0.9949449284892323,0.008273238949504413,0.0280705787993431,0.007990867579908675
y_neg,hour,2022,cal+FC,lgbm,month,26299,8760,38,6.005,0.6344717107805842,0.9960397830018083,0.01007032400100651,0.06211202892004368,0.007990867579908675
y_neg,hour,2022,cal+AR(D-1)+FC,logit,month,25538,8760,55,1.17,0.6779697787134542,0.9962584251191846,0.004093107291695286,0.013816272599717738,0.007990867579908675
y_neg,hour,2022,cal+AR(D-1)+FC,lgbm,month,25538,8760,55,8.85,0.7957019535005417,0.9973878020713464,0.004212193692549485,0.022592079231869892,0.007990867579908675
y_neg,hour,2023,cal,logit,month,35065,8760,7,0.139,0.10171318796883355,0.7130287628053585,0.03255194211302346,0.15313988833571646,0.03424657534246575
y_neg,hour,2023,cal,lgbm,month,35065,8760,7,3.681,0.1344744183665291,0.801660559495666,0.03653559186402946,0.31241271018430994,0.03424657534246575
y_neg,hour,2023,cal+AR(D-2),logit,month,34298,8760,14,0.39,0.14449945648294094,0.8085587076438141,0.03180534115590882,0.13514626777587496,0.03424657534246575
y_neg,hour,2023,cal+AR(D-2),lgbm,month,34298,8760,14,5.227,0.2092485909444803,0.8211891252955082,0.03262347845486953,0.32481629656936695,0.03424657534246575
y_neg,hour,2023,cal+AR(D-1),logit,month,34298,8760,24,0.512,0.22930115609658333,0.8210334909377462,0.030626348221097343,0.13975382233416198,0.03424657534246575
y_neg,hour,2023,cal+AR(D-1),lgbm,month,34298,8760,24,6.264,0.2781249787832869,0.8547828999211978,0.031530343197395304,0.309318356083751,0.03424657534246575
y_neg,hour,2023,cal+FC,logit,month,35059,8760,38,0.603,0.7793909154318818,0.9861524822695035,0.01692330227343246,0.05796580963186426,0.03424657534246575
y_neg,hour,2023,cal+FC,lgbm,month,35059,8760,38,6.161,0.7937914263591271,0.9871371158392436,0.016617940157483326,0.11436171359761824,0.03424657534246575
y_neg,hour,2023,cal+AR(D-1)+FC,logit,month,34298,8760,55,1.107,0.7748788269411558,0.9846430260047282,0.01872413854660201,0.06648155101659692,0.03424657534246575
y_neg,hour,2023,cal+AR(D-1)+FC,lgbm,month,34298,8760,55,7.853,0.8274678031583815,0.9898581560283689,0.016220582163591908,0.10404706358779664,0.03424657534246575
y_neg,hour,2024,cal,logit,month,43825,8784,7,0.164,0.3035390916183139,0.8190547792252091,0.04494645769474174,0.17297304793996948,0.052026411657559196
y_neg,hour,2024,cal,lgbm,month,43825,8784,7,3.738,0.1798986138839213,0.7989506598318881,0.05369717123992454,0.3262240368876795,0.052026411657559196
y_neg,hour,2024,cal+AR(D-2),logit,month,43058,8784,14,0.407,0.32533636536726823,0.862489715378436,0.04110954883662237,0.15250915917682853,0.052026411657559196
y_neg,hour,2024,cal+AR(D-2),lgbm,month,43058,8784,14,5.172,0.27727372088933017,0.8268283895760778,0.0466031589885868,0.3009585326301031,0.052026411657559196
y_neg,hour,2024,cal+AR(D-1),logit,month,43058,8784,24,0.598,0.47583517414104237,0.9086260481379416,0.03557304945350355,0.13054899009192605,0.052026411657559196
y_neg,hour,2024,cal+AR(D-1),lgbm,month,43058,8784,24,6.405,0.4144943691684817,0.8860076327593216,0.04168515922935665,0.25632132955929343,0.052026411657559196
y_neg,hour,2024,cal+FC,logit,month,43819,8784,38,1.027,0.7721826357637914,0.982783589488624,0.02299634093320311,0.07634462523645144,0.052026411657559196
y_neg,hour,2024,cal+FC,lgbm,month,43819,8784,38,8.394,0.7434622822243883,0.9716687089189973,0.02976672405994329,0.21179948434441168,0.052026411657559196
y_neg,hour,2024,cal+AR(D-1)+FC,logit,month,43058,8784,55,1.872,0.7880531637138886,0.9839153905764879,0.022356337466449164,0.0739281661024443,0.052026411657559196
y_neg,hour,2024,cal+AR(D-1)+FC,lgbm,month,43058,8784,55,10.764,0.7788435755591115,0.979583695862685,0.026524716250257895,0.17266442795436884,0.052026411657559196
y_neg,hour,2025,cal,logit,month,52609,8759,7,0.156,0.4189780457716862,0.8842351436582616,0.048814865800530634,0.17269997379989313,0.06576093161319785
y_neg,hour,2025,cal,lgbm,month,52609,8759,7,3.879,0.38631598531589595,0.8865204327739078,0.05277067406823496,0.22824154775590527,0.06576093161319785
y_neg,hour,2025,cal+AR(D-2),logit,month,51842,8759,14,0.26,0.5337959885690229,0.9170812286990645,0.04223209199074704,0.14926024436456045,0.06576093161319785
y_neg,hour,2025,cal+AR(D-2),lgbm,month,51842,8759,14,6.225,0.44408161444833666,0.8947725297703912,0.050278139587430395,0.23523966205641386,0.06576093161319785
y_neg,hour,2025,cal+AR(D-1),logit,month,51842,8759,24,0.864,0.6431907392256135,0.9526317263432318,0.035532361014566326,0.12199136740728124,0.06576093161319785
y_neg,hour,2025,cal+AR(D-1),lgbm,month,51842,8759,24,7.752,0.5898738619095842,0.9443415464988392,0.04314037143218909,0.20238589201451593,0.06576093161319785
y_neg,hour,2025,cal+FC,logit,month,52603,8759,38,1.145,0.8330976046320189,0.9855554622048421,0.02281202039618625,0.07561931601073235,0.06576093161319785
y_neg,hour,2025,cal+FC,lgbm,month,52603,8759,38,8.825,0.8293919800248714,0.9841361070376256,0.027318557284231725,0.1227064605583672,0.06576093161319785
y_neg,hour,2025,cal+AR(D-1)+FC,logit,month,51842,8759,55,1.966,0.8380971930905172,0.9848090808179559,0.023455876555083598,0.07995521376363356,0.06576093161319785
y_neg,hour,2025,cal+AR(D-1)+FC,lgbm,month,51842,8759,55,12.624,0.8647530063403823,0.9868835882656456,0.023303183863677128,0.11156811591094194,0.06576093161319785
y_run3,hour,2021,cal,logit,month,17545,8760,7,0.225,0.0627406282818412,0.8240391438793107,0.014272478888206763,0.06758645011121253,0.014383561643835616
y_run3,hour,2021,cal,lgbm,month,17545,8760,7,3.936,0.09356104084805894,0.8125457309786706,0.015707659260562185,0.10172567264602694,0.014383561643835616
y_run3,hour,2021,cal+AR(D-2),logit,month,16778,8760,14,0.348,0.08498792364389313,0.8482099194399403,0.014240194833265234,0.06634362127812808,0.014383561643835616
y_run3,hour,2021,cal+AR(D-2),lgbm,month,16778,8760,14,6.225,0.1184831143153181,0.8219699894474043,0.014052516344117747,0.13103153181641183,0.014383561643835616
y_run3,hour,2021,cal+AR(D-1),logit,month,16778,8760,24,0.607,0.16628050641645875,0.9067703909608009,0.013970289456190922,0.06219858677735227,0.014383561643835616
y_run3,hour,2021,cal+AR(D-1),lgbm,month,16778,8760,24,7.202,0.1850939036352723,0.9237271620871343,0.014677534839910607,0.12895782152007337,0.014383561643835616
y_run3,hour,2021,cal+FC,logit,month,17539,8760,38,0.998,0.8488289576912073,0.9960703530891162,0.006093062011494857,0.019663245318172547,0.014383561643835616
y_run3,hour,2021,cal+FC,lgbm,month,17539,8760,38,8.716,0.8522446944115376,0.991422798754279,0.0071264813518363765,0.04497544832147859,0.014383561643835616
y_run3,hour,2021,cal+AR(D-1)+FC,logit,month,16778,8760,55,1.802,0.7768863864346023,0.9948376849002283,0.006731578792422794,0.02277279389395812,0.014383561643835616
y_run3,hour,2021,cal+AR(D-1)+FC,lgbm,month,16778,8760,55,10.937,0.8525265382241722,0.9951401068496273,0.0062268151926105535,0.03899821779295295,0.014383561643835616
y_run3,hour,2022,cal,logit,month,26305,8760,7,0.183,0.024647808712957686,0.6883099455563224,0.008195662262738485,0.049187817125324974,0.007534246575342466
y_run3,hour,2022,cal,lgbm,month,26305,8760,7,4.412,0.037728771066585766,0.8295986085841158,0.012888959084664654,0.07226003966350157,0.007534246575342466
y_run3,hour,2022,cal+AR(D-2),logit,month,25538,8760,14,0.379,0.10095390789215138,0.9123428906037601,0.0074322187088351295,0.036347983206765425,0.007534246575342466
y_run3,hour,2022,cal+AR(D-2),lgbm,month,25538,8760,14,6.12,0.07591320662652819,0.8117214240402646,0.007443636685863883,0.08343701586668026,0.007534246575342466
y_run3,hour,2022,cal+AR(D-1),logit,month,25538,8760,24,0.756,0.11326616699837486,0.9423967068894605,0.009155607648364844,0.03782746927931305,0.007534246575342466
y_run3,hour,2022,cal+AR(D-1),lgbm,month,25538,8760,24,7.148,0.09736129135686003,0.9367362374608752,0.007902230566900367,0.07684673856944706,0.007534246575342466
y_run3,hour,2022,cal+FC,logit,month,26299,8760,38,1.175,0.48614326235046584,0.9943761284340995,0.007793272585262356,0.02727424382356109,0.007534246575342466
y_run3,hour,2022,cal+FC,lgbm,month,26299,8760,38,7.366,0.5831462453190869,0.9946183714299656,0.009330964810461976,0.0687658903699257,0.007534246575342466
y_run3,hour,2022,cal+AR(D-1)+FC,logit,month,25538,8760,55,1.573,0.6348655132943327,0.9967131633798301,0.004414122427326623,0.01427381485686485,0.007534246575342466
y_run3,hour,2022,cal+AR(D-1)+FC,lgbm,month,25538,8760,55,8.713,0.7406408195351927,0.9969449498435006,0.003805573268151954,0.02377809011232372,0.007534246575342466
y_run3,hour,2023,cal,logit,month,35065,8760,7,0.166,0.09092132349405385,0.7130745239127482,0.031792392639248955,0.1506347490503066,0.03333333333333333
y_run3,hour,2023,cal,lgbm,month,35065,8760,7,4.226,0.10377831777032256,0.7864731284901741,0.036493210339093196,0.33620691092629557,0.03333333333333333
y_run3,hour,2023,cal+AR(D-2),logit,month,34298,8760,14,0.343,0.14640965240583545,0.8160322341643965,0.03100258123529425,0.13157559226904453,0.03333333333333333
y_run3,hour,2023,cal+AR(D-2),lgbm,month,34298,8760,14,5.896,0.19810991537640107,0.8364066817220025,0.03220417357178636,0.3281154666219862,0.03333333333333333
y_run3,hour,2023,cal+AR(D-1),logit,month,34298,8760,24,0.596,0.20076087382735253,0.8171836276457379,0.031007455090548863,0.1442012857971003,0.03333333333333333
y_run3,hour,2023,cal+AR(D-1),lgbm,month,34298,8760,24,7.356,0.24214462951663374,0.8617191392575433,0.03165125491244055,0.31327113136445023,0.03333333333333333
y_run3,hour,2023,cal+FC,logit,month,35059,8760,38,0.827,0.7835256726485057,0.9874232404345772,0.0163445755670753,0.05581645497226771,0.03333333333333333
y_run3,hour,2023,cal+FC,lgbm,month,35059,8760,38,6.217,0.7608938364238338,0.9864101597634285,0.018178855646058582,0.12591670580886458,0.03333333333333333
y_run3,hour,2023,cal+AR(D-1)+FC,logit,month,34298,8760,55,1.918,0.7743079104592864,0.9858860270090138,0.01844925466031923,0.0639434551274432,0.03333333333333333
y_run3,hour,2023,cal+AR(D-1)+FC,lgbm,month,34298,8760,55,8.859,0.8278712996744418,0.9904422612769426,0.01624506560113705,0.10073348757876933,0.03333333333333333
y_run3,hour,2024,cal,logit,month,43825,8784,7,0.225,0.2749095328302421,0.8137705748647108,0.042236459408043714,0.1647843963666723,0.048383424408014575
y_run3,hour,2024,cal,lgbm,month,43825,8784,7,4.124,0.15883588269166754,0.7798909241887926,0.05126238848618524,0.32663513345183093,0.048383424408014575
y_run3,hour,2024,cal+AR(D-2),logit,month,43058,8784,14,0.366,0.2939274607689115,0.8561150714622492,0.03943110827550841,0.14783176524011366,0.048383424408014575
y_run3,hour,2024,cal+AR(D-2),lgbm,month,43058,8784,14,5.767,0.2506101974913023,0.8357014278375544,0.04506866255669452,0.2941038280362488,0.048383424408014575
y_run3,hour,2024,cal+AR(D-1),logit,month,43058,8784,24,0.804,0.4506480590150481,0.9051640007600121,0.03419320555642299,0.12660687715988653,0.048383424408014575
y_run3,hour,2024,cal+AR(D-1),lgbm,month,43058,8784,24,7.397,0.40396292116621746,0.8870109709154628,0.039123608418262755,0.2513060963149035,0.048383424408014575
y_run3,hour,2024,cal+FC,logit,month,43819,8784,38,1.375,0.75234444479482,0.981953934821925,0.0228815841347697,0.07530632518080331,0.048383424408014575
y_run3,hour,2024,cal+FC,lgbm,month,43819,8784,38,8.99,0.7264318815330189,0.972440553682892,0.02871735437501995,0.2104555323520017,0.048383424408014575
y_run3,hour,2024,cal+AR(D-1)+FC,logit,month,43058,8784,55,2.033,0.7677742403544555,0.9833951429596842,0.02207501933243564,0.07284417890855835,0.048383424408014575
y_run3,hour,2024,cal+AR(D-1)+FC,lgbm,month,43058,8784,55,12.008,0.7447679514105691,0.9799280803360941,0.02641464151786514,0.18360825462407046,0.048383424408014575
y_run3,hour,2025,cal,logit,month,52609,8759,7,0.317,0.4089365838746273,0.8857867131412971,0.04778201150734902,0.16899418263227925,0.06359173421623474
y_run3,hour,2025,cal,lgbm,month,52609,8759,7,4.383,0.3832282839364802,0.8690429754620431,0.0508005467499289,0.24021346064075422,0.06359173421623474
y_run3,hour,2025,cal+AR(D-2),logit,month,51842,8759,14,0.264,0.5184003371249817,0.9152943385967516,0.041748004233242396,0.14792195039415262,0.06359173421623474
y_run3,hour,2025,cal+AR(D-2),lgbm,month,51842,8759,14,6.691,0.41456115897752144,0.8845880739338875,0.05115764223982272,0.2584615468388751,0.06359173421623474
y_run3,hour,2025,cal+AR(D-1),logit,month,51842,8759,24,0.579,0.6234295659751079,0.951944768036171,0.03549753843396777,0.12170103558687992,0.06359173421623474
y_run3,hour,2025,cal+AR(D-1),lgbm,month,51842,8759,24,8.742,0.550019431844165,0.9404837108959281,0.044280664599672566,0.2162795301843621,0.06359173421623474
y_run3,hour,2025,cal+FC,logit,month,52603,8759,38,1.738,0.8185334456224113,0.9846308887309965,0.022877824128349104,0.07635947520487568,0.06359173421623474
y_run3,hour,2025,cal+FC,lgbm,month,52603,8759,38,10.189,0.81124496556747,0.9817378254723528,0.027988335650446883,0.1352542575469191,0.06359173421623474
y_run3,hour,2025,cal+AR(D-1)+FC,logit,month,51842,8759,55,2.763,0.8255752715092475,0.9841534906098569,0.02353567409998709,0.07975188459336047,0.06359173421623474
y_run3,hour,2025,cal+AR(D-1)+FC,lgbm,month,51842,8759,55,14.223,0.8497852577339352,0.9862977326982034,0.02395699318093436,0.12034083243793146,0.06359173421623474
y_run4,hour,2021,cal,logit,month,17545,8760,7,0.258,0.062423504439915026,0.8606905840505285,0.013259911630675475,0.060735464830812574,0.013356164383561644
y_run4,hour,2021,cal,lgbm,month,17545,8760,7,4.291,0.09652137780439725,0.8609551131244988,0.015519875744190387,0.09436784106110442,0.013356164383561644
y_run4,hour,2021,cal+AR(D-2),logit,month,16778,8760,14,0.402,0.08437587009322059,0.8743472065235343,0.013214398005460941,0.059895871503703256,0.013356164383561644
y_run4,hour,2021,cal+AR(D-2),lgbm,month,16778,8760,14,6.775,0.0946806507725524,0.8354826938652,0.013322373472610501,0.1328317704685425,0.013356164383561644
y_run4,hour,2021,cal+AR(D-1),logit,month,16778,8760,24,0.779,0.16200334820117912,0.9157353759922312,0.01288289843283563,0.05694915057468456,0.013356164383561644
y_run4,hour,2021,cal+AR(D-1),lgbm,month,16778,8760,24,8.989,0.17711716882180217,0.9172137721252611,0.013736154712546063,0.1282071584954262,0.013356164383561644
y_run4,hour,2021,cal+FC,logit,month,17539,8760,38,2.096,0.8443420220202948,0.996178914610015,0.005326250219714561,0.01776728133283749,0.013356164383561644
y_run4,hour,2021,cal+FC,lgbm,month,17539,8760,38,10.878,0.8259832260972729,0.9909130554739718,0.006609122685058107,0.04274638341750252,0.013356164383561644
y_run4,hour,2021,cal+AR(D-1)+FC,logit,month,16778,8760,55,2.771,0.7296226733537162,0.9942406828904573,0.0063217105611720675,0.021957911009195162,0.013356164383561644
y_run4,hour,2021,cal+AR(D-1)+FC,lgbm,month,16778,8760,55,12.481,0.8509285790688067,0.9963381265012643,0.005278824292986679,0.03291904131588081,0.013356164383561644
y_run4,hour,2022,cal,logit,month,26305,8760,7,0.235,0.022446793498142825,0.6925977011494253,0.007625487537730542,0.04627797333583631,0.00684931506849315
y_run4,hour,2022,cal,lgbm,month,26305,8760,7,5.165,0.019022410457682912,0.7784463601532567,0.012379378252649053,0.08563079971627667,0.00684931506849315
y_run4,hour,2022,cal+AR(D-2),logit,month,25538,8760,14,0.791,0.10111999851178988,0.9169425287356322,0.006787425525610325,0.033405700593635027,0.00684931506849315
y_run4,hour,2022,cal+AR(D-2),lgbm,month,25538,8760,14,8.147,0.09268561084014014,0.7322049808429119,0.006698447746281367,0.07860707960112805,0.00684931506849315
y_run4,hour,2022,cal+AR(D-1),logit,month,25538,8760,24,1.487,0.11818693804091393,0.9636819923371647,0.008443381084042398,0.03202806882674576,0.00684931506849315
y_run4,hour,2022,cal+AR(D-1),lgbm,month,25538,8760,24,8.845,0.11297679495192865,0.9556034482758621,0.007358177902608985,0.07361151999136437,0.00684931506849315
y_run4,hour,2022,cal+FC,logit,month,26299,8760,38,1.413,0.3919640035806681,0.9918141762452107,0.007478349470722202,0.025679466079557643,0.00684931506849315
y_run4,hour,2022,cal+FC,lgbm,month,26299,8760,38,9.361,0.4966475283169875,0.9928927203065134,0.008548693430866089,0.059304210379160824,0.00684931506849315
y_run4,hour,2022,cal+AR(D-1)+FC,logit,month,25538,8760,55,2.421,0.5267534178101784,0.9960574712643678,0.004620767110171391,0.015324542924015225,0.00684931506849315
y_run4,hour,2022,cal+AR(D-1)+FC,lgbm,month,25538,8760,55,12.506,0.7931054038221618,0.9974980842911877,0.003619811126379568,0.019494492556331997,0.00684931506849315
y_run4,hour,2023,cal,logit,month,35065,8760,7,0.288,0.0630218142959627,0.70405798273108,0.028604077886948773,0.14076667739861215,0.0295662100456621
y_run4,hour,2023,cal,lgbm,month,35065,8760,7,7.236,0.07922235926930407,0.7461831653691435,0.032777813819450115,0.34117638774905384,0.0295662100456621
y_run4,hour,2023,cal+AR(D-2),logit,month,34298,8760,14,0.705,0.12414071677886389,0.8073903637954927,0.02801815699116269,0.1239194975238462,0.0295662100456621
y_run4,hour,2023,cal+AR(D-2),lgbm,month,34298,8760,14,7.546,0.202786187563738,0.8291688599887634,0.028396218809175026,0.30659049210928185,0.0295662100456621
y_run4,hour,2023,cal+AR(D-1),logit,month,34298,8760,24,1.421,0.17043414284247554,0.8128305595662377,0.029245479292983784,0.1530050831338531,0.0295662100456621
y_run4,hour,2023,cal+AR(D-1),lgbm,month,34298,8760,24,8.927,0.34253561952041384,0.8727944339048914,0.025618289698179326,0.26766805054618514,0.0295662100456621
y_run4,hour,2023,cal+FC,logit,month,35059,8760,38,1.303,0.8058795963682766,0.9885400718243913,0.015705750022031693,0.053008039338666726,0.0295662100456621
y_run4,hour,2023,cal+FC,lgbm,month,35059,8760,38,8.587,0.7649811015313837,0.9880949731555543,0.015436646867799334,0.10745750776983823,0.0295662100456621
y_run4,hour,2023,cal+AR(D-1)+FC,logit,month,34298,8760,55,1.879,0.7677908779523879,0.9871093975317008,0.017747590789399997,0.06549406594583784,0.0295662100456621
y_run4,hour,2023,cal+AR(D-1)+FC,lgbm,month,34298,8760,55,8.969,0.8323932483640144,0.9912710700853272,0.014321867563413915,0.0859948744596302,0.0295662100456621
y_run4,hour,2024,cal,logit,month,43825,8784,7,0.257,0.20953787632591214,0.797092160684457,0.03975322420155254,0.15938932081655036,0.044285063752276865
y_run4,hour,2024,cal,lgbm,month,43825,8784,7,5.723,0.15201864124405012,0.8008453128086097,0.0483297131097429,0.31983614448889114,0.044285063752276865
y_run4,hour,2024,cal+AR(D-2),logit,month,43058,8784,14,0.603,0.23429674221519808,0.8382327588186749,0.03782106978631127,0.145095188414722,0.044285063752276865
y_run4,hour,2024,cal+AR(D-2),lgbm,month,43058,8784,14,6.737,0.22064950441132292,0.826244352204994,0.0425251507336856,0.3101459073324559,0.044285063752276865
y_run4,hour,2024,cal+AR(D-1),logit,month,43058,8784,24,0.938,0.40300391679963754,0.8949099032200277,0.03319667910557451,0.12495308670747554,0.044285063752276865
y_run4,hour,2024,cal+AR(D-1),lgbm,month,43058,8784,24,8.912,0.33572706254420914,0.8681354888988579,0.0393506160846796,0.26939813002237634,0.044285063752276865
y_run4,hour,2024,cal+FC,logit,month,43819,8784,38,2.086,0.7271069887693666,0.9791242491935003,0.02262864218015354,0.07723867914415898,0.044285063752276865
y_run4,hour,2024,cal+FC,lgbm,month,43819,8784,38,13.458,0.712174138703785,0.9710018357726091,0.026672315291055144,0.22092373202318535,0.044285063752276865
y_run4,hour,2024,cal+AR(D-1)+FC,logit,month,43058,8784,55,3.021,0.7511384032929597,0.9804317969901902,0.021844335214288465,0.07571926771829195,0.044285063752276865
y_run4,hour,2024,cal+AR(D-1)+FC,lgbm,month,43058,8784,55,17.708,0.7440182906718774,0.9797657744005415,0.024575768467550028,0.18248143418030274,0.044285063752276865
y_run4,hour,2025,cal,logit,month,52609,8759,7,0.352,0.3799191210338751,0.8818978373037347,0.04567574774753511,0.1632722400337539,0.05913917113825779
y_run4,hour,2025,cal,lgbm,month,52609,8759,7,6.844,0.3325133578118005,0.8596834782673879,0.050868425207046916,0.25229378672595776,0.05913917113825779
y_run4,hour,2025,cal+AR(D-2),logit,month,51842,8759,14,0.532,0.4885513215985057,0.9100916923996648,0.0401073874587368,0.14367481792947737,0.05913917113825779
y_run4,hour,2025,cal+AR(D-2),lgbm,month,51842,8759,14,9.665,0.41442460205050474,0.8811278385359201,0.04676523236961113,0.2542560322834662,0.05913917113825779
y_run4,hour,2025,cal+AR(D-1),logit,month,51842,8759,24,0.952,0.5926381638295024,0.9506074018269141,0.034557649214990625,0.11837370871223275,0.05913917113825779
y_run4,hour,2025,cal+AR(D-1),lgbm,month,51842,8759,24,10.382,0.5430521942208976,0.9317359899813485,0.042592032169170735,0.22366856802857754,0.05913917113825779
y_run4,hour,2025,cal+FC,logit,month,52603,8759,38,2.092,0.7860672413485088,0.9840912210770238,0.023184930993740593,0.07669744251530478,0.05913917113825779
y_run4,hour,2025,cal+FC,lgbm,month,52603,8759,38,14.306,0.785052244266171,0.9791418648353486,0.028298264938380176,0.15235866760856878,0.05913917113825779
y_run4,hour,2025,cal+AR(D-1)+FC,logit,month,51842,8759,55,4.128,0.7941451701585447,0.9839167005166277,0.024012203829919934,0.08147289334638731,0.05913917113825779
y_run4,hour,2025,cal+AR(D-1)+FC,lgbm,month,51842,8759,55,17.76,0.8312138969183933,0.986242157701932,0.023568155507819537,0.1338552356354192,0.05913917113825779
y_run6,hour,2021,cal,logit,month,17545,8760,7,0.295,0.041864731241189244,0.8495895737327188,0.00950527485844969,0.04713426006770034,0.0091324200913242
y_run6,hour,2021,cal,lgbm,month,17545,8760,7,6.964,0.03927841778368162,0.8741489055299538,0.010802308728777401,0.07957142904702819,0.0091324200913242
y_run6,hour,2021,cal+AR(D-2),logit,month,16778,8760,14,0.385,0.06341190034037278,0.86801267281106,0.009324274380726838,0.04612297505554128,0.0091324200913242
y_run6,hour,2021,cal+AR(D-2),lgbm,month,16778,8760,14,8.032,0.061262758931484196,0.7885671082949308,0.009007864667558867,0.11056614227086355,0.0091324200913242
y_run6,hour,2021,cal+AR(D-1),logit,month,16778,8760,24,0.901,0.0872221411467523,0.8987298387096775,0.010208908175629505,0.047882833964485554,0.0091324200913242
y_run6,hour,2021,cal+AR(D-1),lgbm,month,16778,8760,24,9.866,0.15904841975967446,0.9260980702764977,0.008728320993585191,0.10384381948555924,0.0091324200913242
y_run6,hour,2021,cal+FC,logit,month,17539,8760,38,1.847,0.6652031620402116,0.9950964861751151,0.0062339121509295894,0.01949724463308463,0.0091324200913242
y_run6,hour,2021,cal+FC,lgbm,month,17539,8760,38,8.311,0.5289294256593998,0.9947451036866359,0.0075098322237197425,0.057495968493019675,0.0091324200913242
y_run6,hour,2021,cal+AR(D-1)+FC,logit,month,16778,8760,55,2.413,0.5114847629625188,0.991802995391705,0.00805398734873053,0.027751433885957973,0.0091324200913242
y_run6,hour,2021,cal+AR(D-1)+FC,lgbm,month,16778,8760,55,11.378,0.5684996459690698,0.9931883640552995,0.006381916362829862,0.05142106279756564,0.0091324200913242
y_run6,hour,2022,cal,logit,month,26305,8760,7,0.182,0.01240996823027292,0.669440361122746,0.005506017817805633,0.03742676617836175,0.004908675799086758
y_run6,hour,2022,cal,lgbm,month,26305,8760,7,4.724,0.015079874546833126,0.7509731052127491,0.008397927188599792,0.07219264931731126,0.004908675799086758
y_run6,hour,2022,cal+AR(D-2),logit,month,25538,8760,14,0.428,0.04768968047086045,0.8903505846634883,0.005418522928563707,0.02865946523053931,0.004908675799086758
y_run6,hour,2022,cal+AR(D-2),lgbm,month,25538,8760,14,5.706,0.07847613783992054,0.9175655161926308,0.0048788700204605295,0.058142687398088436,0.004908675799086758
y_run6,hour,2022,cal+AR(D-1),logit,month,25538,8760,24,0.836,0.07961900192758262,0.9613852642924411,0.006644863036686307,0.0266613948146721,0.004908675799086758
y_run6,hour,2022,cal+AR(D-1),lgbm,month,25538,8760,24,5.848,0.14780394889051815,0.9694582358449542,0.00559823427826945,0.05220219482030692,0.004908675799086758
y_run6,hour,2022,cal+FC,logit,month,26299,8760,38,1.314,0.4460763483496923,0.9931462445742214,0.005028455443697422,0.01822821241063281,0.004908675799086758
y_run6,hour,2022,cal+FC,lgbm,month,26299,8760,38,6.033,0.5068654999419575,0.9965264345798507,0.005386603185801412,0.03105125157913104,0.004908675799086758
y_run6,hour,2022,cal+AR(D-1)+FC,logit,month,25538,8760,55,1.701,0.6680577393732099,0.9976416038161198,0.0029014119691116586,0.009842183490892433,0.004908675799086758
y_run6,hour,2022,cal+AR(D-1)+FC,lgbm,month,25538,8760,55,7.664,0.9290187363365735,0.9994557547267968,0.0011726842598470506,0.005478235663228524,0.004908675799086758
y_run6,hour,2023,cal,logit,month,35065,8760,7,0.206,0.045435321012478616,0.7010769843051142,0.02257100950551172,0.11803199499875265,0.023059360730593607
y_run6,hour,2023,cal,lgbm,month,35065,8760,7,4.803,0.09857384797981741,0.7709143665009175,0.025418070342546024,0.2877056664145422,0.023059360730593607
y_run6,hour,2023,cal+AR(D-2),logit,month,34298,8760,14,0.52,0.10138882885541627,0.804313721860618,0.02233254543148198,0.10669298816692109,0.023059360730593607
y_run6,hour,2023,cal+AR(D-2),lgbm,month,34298,8760,14,5.852,0.16587840704828066,0.8354489690614305,0.023159279293936998,0.256499166055052,0.023059360730593607
y_run6,hour,2023,cal+AR(D-1),logit,month,34298,8760,24,0.565,0.14633944873653215,0.8132359508444417,0.02426088820453725,0.14425800862679541,0.023059360730593607
y_run6,hour,2023,cal+AR(D-1),lgbm,month,34298,8760,24,5.398,0.23898393526407746,0.8920924547467601,0.022497911207960714,0.22668710974624653,0.023059360730593607
y_run6,hour,2023,cal+FC,logit,month,35059,8760,38,0.742,0.8123822167514707,0.9912096608118396,0.01610091428164873,0.05423100870844427,0.023059360730593607
y_run6,hour,2023,cal+FC,lgbm,month,35059,8760,38,6.464,0.8176694114313222,0.9935518616128965,0.010677445570485652,0.0728318368119933,0.023059360730593607
y_run6,hour,2023,cal+AR(D-1)+FC,logit,month,34298,8760,55,1.282,0.7414132377655267,0.9870366213999292,0.017595254595947192,0.07339763677846502,0.023059360730593607
y_run6,hour,2023,cal+AR(D-1)+FC,lgbm,month,34298,8760,55,7.513,0.8305751375133186,0.9934321195615706,0.010444828614467693,0.06616431988654181,0.023059360730593607
y_run6,hour,2024,cal,logit,month,43825,8784,7,0.193,0.2017141534537965,0.8450787864534336,0.02867748945110705,0.1161427179782742,0.031876138433515486
y_run6,hour,2024,cal,lgbm,month,43825,8784,7,5.122,0.09602909112336301,0.7686569765488509,0.037183577758659124,0.3059463685810273,0.031876138433515486
y_run6,hour,2024,cal+AR(D-2),logit,month,43058,8784,14,0.587,0.23416857113709372,0.8683367490928638,0.027424392607490647,0.10802341721234943,0.031876138433515486
y_run6,hour,2024,cal+AR(D-2),lgbm,month,43058,8784,14,5.733,0.1786919086144981,0.8264022812793979,0.032612163080866535,0.2770370969216124,0.031876138433515486
y_run6,hour,2024,cal+AR(D-1),logit,month,43058,8784,24,0.6,0.39068442038616624,0.9042425413250907,0.024501063540329125,0.09606403703555669,0.031876138433515486
y_run6,hour,2024,cal+AR(D-1),lgbm,month,43058,8784,24,6.878,0.33796719037413997,0.8694286722214758,0.028353095325807653,0.229002082849427,0.031876138433515486
y_run6,hour,2024,cal+FC,logit,month,43819,8784,38,1.518,0.6311986511728939,0.9796385734444295,0.01959591535554789,0.06608571767237438,0.031876138433515486
y_run6,hour,2024,cal+FC,lgbm,month,43819,8784,38,6.912,0.5908748823266748,0.9769419432871926,0.02359960630051195,0.21165943080035296,0.031876138433515486
y_run6,hour,2024,cal+AR(D-1)+FC,logit,month,43058,8784,55,2.286,0.720542746671206,0.9821445370245935,0.016744148721005034,0.060857860875201245,0.031876138433515486
y_run6,hour,2024,cal+AR(D-1)+FC,lgbm,month,43058,8784,55,8.961,0.639615974910418,0.9790690935358151,0.021811523827459472,0.18551694564942484,0.031876138433515486
y_run6,hour,2025,cal,logit,month,52609,8759,7,0.232,0.3214272763376298,0.8596395121189004,0.035902966266310565,0.1379582357770857,0.04452563077976938
y_run6,hour,2025,cal,lgbm,month,52609,8759,7,4.284,0.26112517104874705,0.8145385442613308,0.04039240231931404,0.2748256063645728,0.04452563077976938
y_run6,hour,2025,cal+AR(D-2),logit,month,51842,8759,14,0.281,0.34814201275902695,0.8754175207036958,0.0347200148935447,0.13478140207011297,0.04452563077976938
y_run6,hour,2025,cal+AR(D-2),lgbm,month,51842,8759,14,6.488,0.24697599058814096,0.8141048619600418,0.041591747652430365,0.3251547749555546,0.04452563077976938
y_run6,hour,2025,cal+AR(D-1),logit,month,51842,8759,24,0.661,0.463352354870787,0.9287921541954282,0.030869749591725646,0.11410194782740823,0.04452563077976938
y_run6,hour,2025,cal+AR(D-1),lgbm,month,51842,8759,24,7.695,0.39719408386219496,0.920542539469532,0.0377387118978239,0.27004099186264885,0.04452563077976938
y_run6,hour,2025,cal+FC,logit,month,52603,8759,38,1.688,0.7943937214200094,0.9897438961245867,0.01715984727801609,0.0555004214848143,0.04452563077976938
y_run6,hour,2025,cal+FC,lgbm,month,52603,8759,38,9.913,0.7755433663472275,0.9863813646822369,0.02470198509552712,0.16871319364347395,0.04452563077976938
y_run6,hour,2025,cal+AR(D-1)+FC,logit,month,51842,8759,55,2.09,0.7782396977468595,0.9874567619817949,0.01882689280097554,0.0657220953125263,0.04452563077976938
y_run6,hour,2025,cal+AR(D-1)+FC,lgbm,month,51842,8759,55,12.206,0.7950233646737701,0.9885085679445818,0.024110534319267244,0.1668788582736425,0.04452563077976938
y_day4,day,2021,cal,logit,month,732,365,7,0.079,0.2754340739268566,0.8477334955886827,0.045359646013297,0.167039319204611,0.052054794520547946
y_day4,day,2021,cal,lgbm,month,732,365,7,2.004,0.1929443147480393,0.7900821417706114,0.06369768671034365,0.37464099306414345,0.052054794520547946
y_day4,day,2021,cal+AR(D-2),logit,month,700,365,14,0.11,0.34241411848738573,0.8471250380285975,0.042014984775542476,0.1631635365577392,0.052054794520547946
y_day4,day,2021,cal+AR(D-2),lgbm,month,700,365,14,2.878,0.28963690787781504,0.7943413446912078,0.04865973928152408,0.4059486575468004,0.052054794520547946
y_day4,day,2021,cal+AR(D-1),logit,month,700,365,24,0.164,0.4882359834777001,0.9011256464861576,0.03600044081930775,0.1397429642037786,0.052054794520547946
y_day4,day,2021,cal+AR(D-1),lgbm,month,700,365,24,3.311,0.43695747748092184,0.8789169455430484,0.04299728430660814,0.3383284811483251,0.052054794520547946
y_day4,day,2021,cal+FC,logit,month,731,365,38,0.197,0.9024156625440887,0.9922421661089139,0.014453101787163348,0.048708826203447964,0.052054794520547946
y_day4,day,2021,cal+FC,lgbm,month,731,365,38,3.523,0.8710077616771326,0.9855491329479767,0.02272541019866471,0.1460520275956553,0.052054794520547946
y_day4,day,2021,cal+AR(D-1)+FC,logit,month,700,365,55,0.316,0.8500106428024048,0.989199878308488,0.015452340312759143,0.05597385123880073,0.052054794520547946
y_day4,day,2021,cal+AR(D-1)+FC,lgbm,month,700,365,55,4.1,0.8745403573035149,0.9882871919683602,0.022191606102126765,0.14487956098686125,0.052054794520547946
y_day4,day,2022,cal,logit,month,1097,365,7,0.065,0.06449038306669415,0.6081690140845071,0.03233152697724843,0.14921992943943682,0.0273972602739726
y_day4,day,2022,cal,lgbm,month,1097,365,7,1.878,0.059186167941622694,0.7154929577464788,0.05917182580284442,0.3864348778012882,0.0273972602739726
y_day4,day,2022,cal+AR(D-2),logit,month,1065,365,14,0.086,0.16619448948629276,0.8284507042253522,0.026073397358958177,0.11160010743680306,0.0273972602739726
y_day4,day,2022,cal+AR(D-2),lgbm,month,1065,365,14,2.344,0.22304458837522553,0.7997183098591549,0.025051783535797116,0.23001754125301907,0.0273972602739726
y_day4,day,2022,cal+AR(D-1),logit,month,1065,365,24,0.112,0.2138505264560252,0.9377464788732395,0.02911295973781897,0.09795269106872535,0.0273972602739726
y_day4,day,2022,cal+AR(D-1),lgbm,month,1065,365,24,2.796,0.23538522293080497,0.8901408450704226,0.03063788730930119,0.21266116412535382,0.0273972602739726
y_day4,day,2022,cal+FC,logit,month,1096,365,38,0.112,0.3912091943695717,0.9585915492957746,0.030994876963720858,0.10340251687699961,0.0273972602739726
y_day4,day,2022,cal+FC,lgbm,month,1096,365,38,2.592,0.42658334556419364,0.9543661971830985,0.03707062412727367,0.2526845769889276,0.0273972602739726
y_day4,day,2022,cal+AR(D-1)+FC,logit,month,1065,365,55,0.132,0.5416455766455767,0.9847887323943663,0.019227446745752132,0.06131739339735529,0.0273972602739726
y_day4,day,2022,cal+AR(D-1)+FC,lgbm,month,1065,365,55,3.632,0.6237016209596854,0.984225352112676,0.027686549723321043,0.15184967705715136,0.0273972602739726
y_day4,day,2023,cal,logit,month,1462,365,7,0.051,0.138947986486437,0.612034632034632,0.08930948544414226,0.34925423938758293,0.0958904109589041
y_day4,day,2023,cal,lgbm,month,1462,365,7,1.865,0.13921792159520546,0.631082251082251,0.10764033453522655,1.1516268842238986,0.0958904109589041
y_day4,day,2023,cal+AR(D-2),logit,month,1430,365,14,0.089,0.17844047657994042,0.66995670995671,0.08713557106855362,0.33441088813087894,0.0958904109589041
y_day4,day,2023,cal+AR(D-2),lgbm,month,1430,365,14,2.289,0.21352232645611238,0.6781818181818182,0.09487631848786192,0.9985383428725817,0.0958904109589041
y_day4,day,2023,cal+AR(D-1),logit,month,1430,365,24,0.156,0.3153535988063484,0.7554978354978354,0.07875595468912382,0.29944692799910044,0.0958904109589041
y_day4,day,2023,cal+AR(D-1),lgbm,month,1430,365,24,2.738,0.34119825782214086,0.8224242424242424,0.09101833524432312,0.7769546585491302,0.0958904109589041
y_day4,day,2023,cal+FC,logit,month,1461,365,38,0.189,0.8505986935254273,0.9774891774891775,0.03541338655522739,0.12064938671867419,0.0958904109589041
y_day4,day,2023,cal+FC,lgbm,month,1461,365,38,2.287,0.8321344406317196,0.9691774891774891,0.04275751165830021,0.30224653787562883,0.0958904109589041
y_day4,day,2023,cal+AR(D-1)+FC,logit,month,1430,365,55,0.184,0.8545962240033632,0.9806060606060606,0.035687806714455005,0.12083697509446278,0.0958904109589041
y_day4,day,2023,cal+AR(D-1)+FC,lgbm,month,1430,365,55,3.258,0.8327366335785334,0.9764502164502165,0.047793570422500035,0.27287809396674445,0.0958904109589041
y_day4,day,2024,cal,logit,month,1827,366,7,0.044,0.32875361707537964,0.6863578645171976,0.13228088435568905,0.4387238315448993,0.16120218579234974
y_day4,day,2024,cal,lgbm,month,1827,366,7,1.972,0.23830012823763588,0.5976370562579363,0.17147573819871523,1.3898987528675069,0.16120218579234974
y_day4,day,2024,cal+AR(D-2),logit,month,1795,366,14,0.146,0.3458368009144872,0.6955225528625849,0.1256826317263822,0.4167128998481083,0.16120218579234974
y_day4,day,2024,cal+AR(D-2),lgbm,month,1795,366,14,3.162,0.26203116008693933,0.6464417821454204,0.1605329668284792,1.300813373520705,0.16120218579234974
y_day4,day,2024,cal+AR(D-1),logit,month,1795,366,24,0.207,0.505648664456949,0.8025727378126207,0.10733793227379634,0.35560357966715406,0.16120218579234974
y_day4,day,2024,cal+AR(D-1),lgbm,month,1795,366,24,3.725,0.49567805752403876,0.8161541434328936,0.13209671273560447,0.9072816161853917,0.16120218579234974
y_day4,day,2024,cal+FC,logit,month,1826,366,38,0.263,0.7939165306329203,0.9403743167890466,0.07254153765798611,0.23251224241040147,0.16120218579234974
y_day4,day,2024,cal+FC,lgbm,month,1826,366,38,4.021,0.7953139264428609,0.9419753768011926,0.08247906420705095,0.6130469140200376,0.16120218579234974
y_day4,day,2024,cal+AR(D-1)+FC,logit,month,1795,366,55,0.272,0.7634528515407202,0.9313200463755315,0.07784845477207225,0.26914428455278494,0.16120218579234974
y_day4,day,2024,cal+AR(D-1)+FC,lgbm,month,1795,366,55,4.425,0.8040041396119494,0.9452879147573566,0.07356519032332913,0.4750255118972361,0.16120218579234974
y_day4,day,2025,cal,logit,month,2193,365,7,0.07,0.510784079237983,0.8114101088784633,0.14128479275036143,0.43261715665731487,0.21643835616438356
y_day4,day,2025,cal,lgbm,month,2193,365,7,2.415,0.49489153452975176,0.7557758696999203,0.1691933499449488,0.8606214805010397,0.21643835616438356
y_day4,day,2025,cal+AR(D-2),logit,month,2161,365,14,0.096,0.6407085483723921,0.8495175710365584,0.12219063252779314,0.3821163918828267,0.21643835616438356
y_day4,day,2025,cal+AR(D-2),lgbm,month,2161,365,14,3.119,0.5546028663337552,0.800300964857927,0.1647872450487897,0.8446543461330372,0.21643835616438356
y_day4,day,2025,cal+AR(D-1),logit,month,2161,365,24,0.143,0.7318385772526007,0.9109940692219174,0.10110279050795204,0.3120066935366566,0.21643835616438356
y_day4,day,2025,cal+AR(D-1),lgbm,month,2161,365,24,4.388,0.6600888773421647,0.8652739665397894,0.141296417300585,0.8167669240697552,0.21643835616438356
y_day4,day,2025,cal+FC,logit,month,2192,365,38,0.305,0.8319048846846485,0.9447640966628309,0.0754817011391964,0.2537448098575367,0.21643835616438356
y_day4,day,2025,cal+FC,lgbm,month,2192,365,38,4.513,0.799765206463917,0.9396299902629016,0.10523968343121466,0.6674610977837914,0.21643835616438356
y_day4,day,2025,cal+AR(D-1)+FC,logit,month,2161,365,55,0.371,0.8551305363914075,0.9530406302558201,0.06998107532884251,0.23883582948390591,0.21643835616438356
y_day4,day,2025,cal+AR(D-1)+FC,lgbm,month,2161,365,55,8.289,0.8442041879458331,0.952819332566168,0.08379380262202057,0.5073960205046336,0.21643835616438356
