variant,seed,test_year,val_pr_auc,PR_AUC,ROC_AUC,Brier,base_rate,gate_mean,gate_std,epochs,rho,half_life_h,M_corr_target,gate_corr_target
A0,42,2021,0.8160948880191888,0.7294057108789614,0.9872638254087601,0.017424320872235822,0.015867579728364944,0.0,0.0,28,,,,
A0,43,2021,0.8106859620506985,0.7229727168940965,0.9871261325239773,0.02044316509405241,0.015867579728364944,0.0,0.0,15,,,,
A0,44,2021,0.8256196155696394,0.7222425811851091,0.9885381104697496,0.028506571432557155,0.015867579728364944,0.0,0.0,10,,,,
A0,42,2022,0.8308609167905637,0.6708044909865652,0.9948002630281111,0.017621785319684637,0.007990867830812931,0.0,0.0,16,,,,
A0,43,2022,0.8285778717797284,0.6454826426614898,0.9953822127239849,0.01965679874031822,0.007990867830812931,0.0,0.0,12,,,,
A0,44,2022,0.8459197303580668,0.7071743205800702,0.9960019727108335,0.015304431964449128,0.007990867830812931,0.0,0.0,12,,,,
A0,42,2023,0.8804719953924832,0.7346535451363183,0.9837767927501971,0.06339674500361675,0.034246575087308884,0.0,0.0,47,,,,
A0,43,2023,0.890189465764885,0.7262722643749927,0.9841126871552405,0.06932299848262659,0.034246575087308884,0.0,0.0,52,,,,
A0,44,2023,0.8824838460078919,0.7298479970469572,0.983798463356974,0.05964625489926696,0.034246575087308884,0.0,0.0,56,,,,
A0,42,2024,0.7744563263368862,0.7542197746181433,0.9798058778500982,0.06496908114263321,0.0520264133810997,0.0,0.0,25,,,,
A0,43,2024,0.7820587248953078,0.7259453096148023,0.9749436267405679,0.07475962551205173,0.0520264133810997,0.0,0.0,23,,,,
A0,44,2024,0.7785351467375905,0.7392424395183114,0.9788128255373427,0.06716278035491355,0.0520264133810997,0.0,0.0,17,,,,
A0,42,2025,0.7797213468651898,0.8089899934194141,0.9794424755930315,0.046841191325570825,0.06576093286275864,0.0,0.0,17,,,,
A0,43,2025,0.7566135138405473,0.7749059944035805,0.9760962768340868,0.04974065902831991,0.06576093286275864,0.0,0.0,19,,,,
A0,44,2025,0.762693260200506,0.7961289277044897,0.9754638257498607,0.03862223046413933,0.06576093286275864,0.0,0.0,11,,,,
A1,42,2021,0.8283508064056376,0.7447684630119749,0.9894894431282488,0.018171638912014145,0.015867579728364944,0.0,0.0,22,,,,
A1,43,2021,0.8243692766084667,0.7430527693645076,0.9891664907257584,0.02513861073000784,0.015867579728364944,0.0,0.0,13,,,,
A1,44,2021,0.8416374139415397,0.6861132996786097,0.9866955293206566,0.028507204096403064,0.015867579728364944,0.0,0.0,10,,,,
A1,42,2022,0.8341820425231101,0.6823762929563784,0.9951142528357718,0.020617360397412382,0.007990867830812931,0.0,0.0,16,,,,
A1,43,2022,0.8390907186673816,0.6607583001530261,0.9957488081538715,0.018965731403202544,0.007990867830812931,0.0,0.0,19,,,,
A1,44,2022,0.8344574432962745,0.6409539254186768,0.994067072168338,0.018362029841947815,0.007990867830812931,0.0,0.0,17,,,,
A1,42,2023,0.8031851854872952,0.7642168553030118,0.986051024428684,0.06929145652039757,0.034246575087308884,0.0,0.0,20,,,,
A1,43,2023,0.8420355152748855,0.7520046524036292,0.9845925925925926,0.05956409352342739,0.034246575087308884,0.0,0.0,48,,,,
A1,44,2023,0.8784650705790833,0.7390902464953196,0.9837281323877068,0.05785066540702633,0.034246575087308884,0.0,0.0,53,,,,
A1,42,2024,0.7652499899444991,0.7016095258394605,0.974975029162207,0.07727740277246978,0.0520264133810997,0.0,0.0,13,,,,
A1,43,2024,0.7629963747378453,0.7755431245681104,0.9814063502266098,0.06175565434918191,0.0520264133810997,0.0,0.0,16,,,,
A1,44,2024,0.7642746662607591,0.7426251832448597,0.9788569728748773,0.07622993070770108,0.0520264133810997,0.0,0.0,12,,,,
A1,42,2025,0.7786530677307872,0.8021365858642601,0.9768753309707116,0.06200630594375371,0.06576093286275864,0.0,0.0,10,,,,
A1,43,2025,0.7744605462142904,0.796633551559208,0.9787037319917987,0.04721884206350184,0.06576093286275864,0.0,0.0,15,,,,
A1,44,2025,0.7756107185357283,0.8046232895474893,0.9786251264477845,0.05054793242015509,0.06576093286275864,0.0,0.0,14,,,,
A2,42,2021,0.8182965879468658,0.6944732453772338,0.9892382579263117,0.0360212628791494,0.015867579728364944,0.0,0.0,10,0.7113276720046997,2.0349448599972555,0.46994797155279705,
A2,43,2021,0.8165719402522904,0.5768312112741004,0.9816384451886351,0.0867845076116802,0.015867579728364944,0.0,0.0,9,0.7660313844680786,2.6006138894391557,0.4284183361426197,
A2,44,2021,0.8352177200528397,0.7410131019630292,0.9896354810363518,0.03276887990956162,0.015867579728364944,0.0,0.0,10,0.7764261960983276,2.7391309196635967,0.3777895981228237,
A2,42,2022,0.8289308169766979,0.6781629493258479,0.9946523097156009,0.013786212958986063,0.007990867830812931,0.0,0.0,18,0.6512058973312378,1.6159936046581442,0.3410433444173514,
A2,43,2022,0.8272532221791942,0.7134694439473825,0.9959444353115239,0.020871862676360972,0.007990867830812931,0.0,0.0,12,0.7960898280143738,3.039542629869741,0.3023860886113426,
A2,44,2022,0.8505271311812117,0.645226852298672,0.9955400295906625,0.02350402598088075,0.007990867830812931,0.0,0.0,13,0.8282926082611084,3.679343981518302,0.037721079062924566,
A2,42,2023,0.8840370917178227,0.7492470119438939,0.9843207249802994,0.0694666254635576,0.034246575087308884,0.0,0.0,41,0.5177635550498962,1.0530365255943477,0.536839472899548,
A2,43,2023,0.8670963107534216,0.7379852177135344,0.9836826241134752,0.0647996543341195,0.034246575087308884,0.0,0.0,42,0.9821747541427612,38.53808849614936,0.3783666336982375,
A2,44,2023,0.9084065664863632,0.738497316882181,0.9836696217494089,0.062184194566268294,0.034246575087308884,0.0,0.0,52,0.5226026773452759,1.0681323389024309,-0.4190389957445816,
A2,42,2024,0.7889054608936223,0.7579537865071632,0.9798265062191248,0.07058731517557497,0.0520264133810997,0.0,0.0,17,0.5716360211372375,1.239416520943633,0.5667597533928753,
A2,43,2024,0.7863869622772065,0.7446204293884815,0.978777218607367,0.0738757930174149,0.0520264133810997,0.0,0.0,26,0.9693830013275146,22.290922536000465,0.3558518665026858,
A2,44,2024,0.7712557207107181,0.7122939489257031,0.9772567632801367,0.07893736886938768,0.0520264133810997,0.0,0.0,12,0.8383433818817139,3.9310214520570685,-0.009333223139518386,
A2,42,2025,0.8019436996650211,0.8144937294112256,0.9801790975871386,0.049210898459651924,0.06576093286275864,0.0,0.0,16,0.6289997696876526,1.4950619463636383,0.5979280915917425,
A2,43,2025,0.7694328866192197,0.7891050023292782,0.9770507878800223,0.043894473877398386,0.06576093286275864,0.0,0.0,17,0.9573854804039001,15.91642770020909,0.3760262770958319,
A2,44,2025,0.8016740607594425,0.8205664112318195,0.9821129424823822,0.06158370775126487,0.06576093286275864,0.0,0.0,15,0.7736856937408447,2.70138488147674,-0.5412679376788411,
A3,42,2021,0.839584283727998,0.7688863812936181,0.9890621779342562,0.021333226905679074,0.015867579728364944,0.810316264629364,0.18471044301986694,15,,,,0.08090104999577039
A3,43,2021,0.7930578002962715,0.7678368087228515,0.987752843775322,0.017625772602891686,0.015867579728364944,0.6350944638252258,0.17295612394809723,19,,,,0.08241250814830645
A3,44,2021,0.8292482562600966,0.6874539420810564,0.9832857527920361,0.04166258392631305,0.015867579728364944,0.33754730224609375,0.10419883579015732,10,,,,0.1750478995451438
A3,42,2022,0.8463312349369001,0.6703205671927459,0.9950690448791715,0.01993620772795923,0.007990867830812931,0.9885733127593994,0.04444771632552147,13,,,,-0.10603674092774736
A3,43,2022,0.849867695982267,0.5798412351308484,0.9945438106197599,0.02274721460333327,0.007990867830812931,0.9194336533546448,0.12711456418037415,14,,,,-0.13130460581599623
A3,44,2022,0.8373231102588422,0.6038466580214521,0.9928916652967286,0.023779118031580487,0.007990867830812931,0.7342252135276794,0.21889452636241913,11,,,,-0.04414130821497205
A3,42,2023,0.7835951036754548,0.753016852265548,0.9857572892040977,0.05899129821229171,0.034246575087308884,0.6849504113197327,0.15488478541374207,18,,,,0.20827968679872144
A3,43,2023,0.8307125212853425,0.779622034858185,0.9863451536643026,0.07733856104249472,0.034246575087308884,0.5864771008491516,0.13484901189804077,23,,,,0.279374810067095
A3,44,2023,0.7633820919964265,0.7591777249333037,0.9841670606776989,0.061877043100681206,0.034246575087308884,0.5809338688850403,0.14857323467731476,21,,,,0.17466513764228894
A3,42,2024,0.7765557616527026,0.7446482847573191,0.9801122813951295,0.08426294942158902,0.0520264133810997,0.6363869309425354,0.15422087907791138,13,,,,0.3203896778956941
A3,43,2024,0.7821359720988749,0.6885495080378782,0.9738739735415546,0.07413597153085391,0.0520264133810997,0.5264199376106262,0.15010486543178558,17,,,,0.29540651386010086
A3,44,2024,0.7638196794836564,0.7064546929036145,0.9716348100705333,0.06501294259432686,0.0520264133810997,0.5514463186264038,0.14995363354682922,10,,,,0.4013996387568529
A3,42,2025,0.7448970905198498,0.7872964869518436,0.9766432271511399,0.055863800266256515,0.06576093286275864,0.6663007736206055,0.14347028732299805,11,,,,0.377231627043309
A3,43,2025,0.7133400370932039,0.7604970797304339,0.9748653203796489,0.06517009892446489,0.06576093286275864,0.4033034145832062,0.0848456397652626,10,,,,0.22385873572163678
A3,44,2025,0.8077815664166602,0.8085837417989437,0.9766599878474344,0.05958746267990614,0.06576093286275864,0.564649224281311,0.13442327082157135,12,,,,0.44181030896096035
A4,42,2021,0.8152240678134717,0.7400809536238518,0.9878504805481679,0.02147412892865308,0.015867579728364944,0.6965035796165466,0.1981448233127594,16,0.6888598799705505,1.8597124475532372,0.4764593541925735,0.1241093288970706
A4,43,2021,0.8196819341765607,0.6453940747059871,0.9843589227910097,0.034276494360020844,0.015867579728364944,0.46493956446647644,0.1539701521396637,10,0.7289654612541199,2.1926091628726767,0.4490245411559813,-0.00601311551090646
A4,44,2021,0.8235664336525257,0.7414572037850654,0.9911200606850097,0.03338570194803881,0.015867579728364944,0.45961859822273254,0.13804040849208832,11,0.8274732232093811,3.6601148884998875,0.07417424725879673,0.04610760384208502
A4,42,2022,0.8376862927058966,0.6640190642155162,0.995073154693408,0.021162886103348814,0.007990867830812931,0.9826048016548157,0.0426529198884964,14,0.7982539534568787,3.0761630096804673,0.3046517202292396,-0.09052511016478476
A4,43,2022,0.8413904611373942,0.5798313318939113,0.994573401282262,0.021550703564013035,0.007990867830812931,0.960404634475708,0.09919770061969757,17,0.8938493132591248,6.176787497849999,0.25448095762380535,-0.14668166385442347
A4,44,2022,0.8509302331595782,0.6584919913705388,0.995776754890679,0.01704609364170566,0.007990867830812931,0.9122918248176575,0.11277449131011963,13,0.8537700772285461,4.384417006981717,-0.1651210439113999,-0.16105543179949675
A4,42,2023,0.877742549615039,0.7637846889451392,0.9847377856579983,0.048485573541540816,0.034246575087308884,0.6820087432861328,0.2251642793416977,43,0.5400742292404175,1.1251500000455774,0.5215140845444172,0.20915042471014247
A4,43,2023,0.8277071187437588,0.7358090074541771,0.9836700157604413,0.0491169122913478,0.034246575087308884,0.7659767866134644,0.16659894585609436,38,0.9424275755882263,11.689570602958153,0.12224243072836337,0.07366453607690376
A4,44,2023,0.7838435324693157,0.7330733432790939,0.9842586682427108,0.08300415213845094,0.034246575087308884,0.657624363899231,0.13664215803146362,22,0.7233192324638367,2.139973150076416,-0.41431138908800164,0.037953547557232466
A4,42,2024,0.7793352821463831,0.7726391485216999,0.981760317272199,0.06306652009874307,0.0520264133810997,0.7521077990531921,0.17227281630039215,26,0.7290246486663818,2.1931724285803056,0.5229680468129696,0.299555821134628
A4,43,2024,0.7840691245262624,0.7472456340174243,0.978970231818195,0.07689859332002551,0.0520264133810997,0.6635972857475281,0.1380193829536438,21,0.9330724477767944,10.006104485773495,0.37023067750012656,0.2941263717746072
A4,44,2024,0.7868490394357567,0.7608832686337204,0.9799224215655541,0.06558718506060798,0.0520264133810997,0.7313093543052673,0.15036332607269287,28,0.6850013136863708,1.8321013244820261,-0.4257351956225627,0.1884867777736636
A4,42,2025,0.774496259637421,0.8005564882258598,0.9774527263500211,0.04272914920977794,0.06576093286275864,0.6316820383071899,0.20505481958389282,16,0.8096746206283569,3.283146734904936,0.4706651196481104,0.37841715282278715
A4,43,2025,0.7566984297904445,0.7944623563535658,0.9723560956318655,0.04687947444563876,0.06576093286275864,0.5578864812850952,0.12823797762393951,14,0.9088261723518372,7.250384868835976,0.36068175585092827,0.30189106512125746
A4,44,2025,0.7807099319534506,0.8207299265899446,0.9772981672709005,0.04643880171408858,0.06576093286275864,0.6524609327316284,0.11381840705871582,13,0.8286488056182861,3.687760280509981,-0.424060945332426,0.24576848602658918
